»’∆⁄,÷ ¡øµ»º∂,AQI÷∏ ˝,µ±ÃÏAQI≈≈√˚,PM2.5,PM10,So2,No2,Co,O3
2013-10-28,—œ÷ÿŒ€»æ,253,97,203,311,76,89,2.29,26
2013-10-29,÷–∂»Œ€»æ,159,74,119,187,41,56,3.07,21
2013-10-30,«·∂»Œ€»æ,111,69,83,119,33,61,1.61,30
2013-10-31,÷–∂»Œ€»æ,151,89,115,173,76,77,1.66,21
2013-11-01,÷–∂»Œ€»æ,189,96,145,207,55,89,2.27,14
2013-11-02,—œ÷ÿŒ€»æ,260,105,210,253,62,69,2.59,10
2013-11-03,«·∂»Œ€»æ,131,71,95,126,23,47,1.90,19
2013-11-04,¡º,82,44,56,102,33,65,1.41,17
2013-11-05,«·∂»Œ€»æ,131,90,98,163,85,75,1.88,19
2013-11-06,÷ÿ∂»Œ€»æ,233,111,135,215,59,70,1.94,22
2013-11-07,«·∂»Œ€»æ,105,61,28,71,31,41,0.45,24
2013-11-08,¡º,90,40,95,188,147,85,1.72,16
2013-11-09,÷–∂»Œ€»æ,190,98,161,261,84,89,2.61,7
2013-11-10,«·∂»Œ€»æ,112,77,24,61,29,33,0.59,37
2013-11-11,¡º,71,78,51,103,60,55,1.14,17
2013-11-12,¡º,85,78,68,127,79,64,1.72,19
2013-11-13,«·∂»Œ€»æ,111,79,111,176,130,82,2.28,10
2013-11-14,÷–∂»Œ€»æ,166,89,113,198,81,72,1.72,19
2013-11-15,«·∂»Œ€»æ,141,69,125,290,108,73,2.09,14
2013-11-16,÷–∂»Œ€»æ,165,81,69,188,54,38,1.10,24
2013-11-17,¡º,71,23,22,54,37,30,0.87,23
2013-11-18,”≈,47,13,17,40,28,28,0.76,24
2013-11-19,”≈,43,7,26,71,39,32,0.95,25
2013-11-20,«·∂»Œ€»æ,113,48,128,222,118,81,2.41,13
2013-11-21,÷ÿ∂»Œ€»æ,212,98,190,288,154,101,3.22,14
2013-11-22,—œ÷ÿŒ€»æ,268,98,232,341,194,99,3.21,16
2013-11-23,—œ÷ÿŒ€»æ,313,99,318,463,149,100,3.68,10
2013-11-24,—œ÷ÿŒ€»æ,325,107,192,272,96,68,2.93,12
2013-11-25,«·∂»Œ€»æ,101,79,33,49,46,34,1.10,20
2013-11-26,¡º,68,31,38,110,48,34,1.23,25
2013-11-27,¡º,77,44,29,59,30,21,0.93,37
2013-11-28,¡º,79,85,46,68,64,42,1.24,24
2013-11-29,«·∂»Œ€»æ,104,100,104,192,130,76,2.60,15
2013-11-30,«·∂»Œ€»æ,127,100,77,142,107,64,1.84,13
2013-12-01,¡º,99,52,105,172,118,77,2.00,12
2013-12-02,÷ÿ∂»Œ€»æ,206,90,222,356,190,115,3.23,10
2013-12-03,—œ÷ÿŒ€»æ,283,94,175,271,142,111,3.23,15
2013-12-04,÷ÿ∂»Œ€»æ,207,72,224,359,196,129,3.84,10
2013-12-05,÷ÿ∂»Œ€»æ,219,74,91,176,99,68,2.21,10
2013-12-06,¡º,84,25,85,154,114,67,1.56,10
2013-12-07,÷ÿ∂»Œ€»æ,202,66,244,397,142,108,3.00,8
2013-12-08,—œ÷ÿŒ€»æ,309,85,202,334,89,87,4.03,6
2013-12-09,÷–∂»Œ€»æ,163,46,23,41,39,34,1.02,25
2013-12-10,¡º,94,38,75,172,89,56,1.93,20
2013-12-11,¡º,81,32,38,90,76,50,1.40,20
2013-12-12,¡º,95,42,42,112,63,41,1.31,27
2013-12-13,¡º,65,19,49,106,90,53,1.56,17
2013-12-14,¡º,96,33,77,152,113,67,2.24,18
2013-12-15,«·∂»Œ€»æ,128,62,120,223,178,102,3.28,9
2013-12-16,÷ÿ∂»Œ€»æ,201,93,153,270,177,120,4.38,7
2013-12-17,«·∂»Œ€»æ,148,82,93,131,122,57,3.03,6
2013-12-18,«·∂»Œ€»æ,114,79,64,101,112,52,2.72,15
2013-12-19,¡º,98,53,75,124,119,62,2.41,15
2013-12-20,«·∂»Œ€»æ,108,47,82,137,132,67,2.56,16
2013-12-21,¡º,98,40,86,144,136,72,2.15,12
2013-12-22,÷–∂»Œ€»æ,193,83,189,268,184,88,3.09,10
2013-12-23,—œ÷ÿŒ€»æ,261,95,268,414,261,129,5.57,8
2013-12-24,—œ÷ÿŒ€»æ,292,85,173,250,164,94,4.30,11
2013-12-25,—œ÷ÿŒ€»æ,277,79,330,476,218,112,4.31,10
2013-12-26,—œ÷ÿŒ€»æ,264,80,16,31,46,33,1.13,31
2013-12-27,”≈,43,4,26,44,66,49,1.24,19
2013-12-28,¡º,61,11,40,71,74,53,1.38,21
2013-12-29,¡º,96,45,99,174,146,69,2.65,11
2013-12-30,«·∂»Œ€»æ,129,74,98,194,141,77,3.01,14
2013-12-31,«·∂»Œ€»æ,133,112,91,241,117,71,2.55,16
2014-01-01,«·∂»Œ€»æ,141,121,89,210,121,75,2.28,13
2014-01-02,«·∂»Œ€»æ,142,92,112,220,139,96,3.03,7
2014-01-03,«·∂»Œ€»æ,115,65,82,148,107,71,2.32,12
2014-01-04,¡º,69,25,50,73,121,64,1.36,12
2014-01-05,«·∂»Œ€»æ,121,52,91,141,107,67,2.52,13
2014-01-06,«·∂»Œ€»æ,139,71,105,142,86,69,2.22,10
2014-01-07,«·∂»Œ€»æ,137,111,103,143,105,67,2.25,9
2014-01-08,¡º,55,44,33,59,60,44,1.20,23
2014-01-09,¡º,73,92,46,90,79,57,1.42,18
2014-01-10,÷–∂»Œ€»æ,198,165,152,241,150,86,2.50,10
2014-01-11,—œ÷ÿŒ€»æ,361,184,309,434,144,113,4.33,8
2014-01-12,«·∂»Œ€»æ,124,117,88,142,76,57,1.78,24
2014-01-13,«·∂»Œ€»æ,113,119,85,136,132,74,2.30,9
2014-01-14,«·∂»Œ€»æ,150,124,113,193,137,86,3.26,7
2014-01-15,—œ÷ÿŒ€»æ,324,177,269,387,164,110,4.49,8
2014-01-16,—œ÷ÿŒ€»æ,286,164,235,309,108,86,3.92,6
2014-01-17,«·∂»Œ€»æ,127,55,95,120,111,62,2.30,12
2014-01-18,÷ÿ∂»Œ€»æ,237,138,192,264,140,88,4.31,12
2014-01-19,÷ÿ∂»Œ€»æ,244,139,196,267,163,93,3.59,9
2014-01-20,¡º,65,22,17,80,41,27,1.17,42
2014-01-21,”≈,38,6,26,39,60,42,1.44,29
2014-01-22,«·∂»Œ€»æ,137,152,103,177,147,79,2.33,12
2014-01-24,÷ÿ∂»Œ€»æ,244,169,195,300,175,114,4.68,7
2014-01-25,«·∂»Œ€»æ,106,75,73,116,106,63,1.96,24
2014-01-26,¡º,56,28,34,63,70,55,1.48,22
2014-01-27,«·∂»Œ€»æ,138,138,104,178,100,72,2.28,14
2014-01-28,¡º,82,86,47,103,69,48,1.56,27
2014-01-29,«·∂»Œ€»æ,107,103,79,144,118,59,1.80,14
2014-01-30,÷–∂»Œ€»æ,151,87,112,187,88,48,2.37,31
2014-01-31,÷–∂»Œ€»æ,159,56,120,206,125,44,3.22,12
2014-02-01,¡º,73,46,53,63,43,34,1.59,14
2014-02-02,«·∂»Œ€»æ,108,70,68,124,53,32,1.69,31
2014-02-03,”≈,50,32,12,55,35,16,0.88,52
2014-02-04,”≈,43,41,19,46,61,24,1.07,45
2014-02-05,¡º,55,109,33,58,96,39,1.42,34
2014-02-06,¡º,63,126,43,67,85,44,1.67,30
2014-02-07,¡º,72,122,52,69,66,40,1.71,32
2014-02-08,¡º,85,129,62,89,85,46,2.17,29
2014-02-09,”≈,30,30,13,22,45,23,1.25,49
2014-02-10,¡º,53,89,34,54,104,48,1.80,29
2014-02-11,¡º,85,100,62,86,101,59,2.03,26
2014-02-12,÷–∂»Œ€»æ,189,170,144,196,158,85,3.54,15
2014-02-13,«·∂»Œ€»æ,126,133,95,124,82,55,2.08,42
2014-02-14,÷ÿ∂»Œ€»æ,217,168,178,236,202,80,2.65,22
2014-02-15,÷ÿ∂»Œ€»æ,246,167,195,246,116,68,2.41,31
2014-02-16,÷ÿ∂»Œ€»æ,209,165,168,230,98,71,3.06,22
2014-02-17,¡º,67,80,42,73,71,45,1.60,38
2014-02-18,¡º,60,77,39,69,72,53,1.59,29
2014-02-19,¡º,78,76,56,90,100,63,1.68,21
2014-02-20,«·∂»Œ€»æ,114,111,86,109,94,63,1.47,24
2014-02-21,÷ÿ∂»Œ€»æ,246,176,195,290,207,122,3.37,10
2014-02-22,—œ÷ÿŒ€»æ,251,176,201,264,118,96,2.91,15
2014-02-23,÷–∂»Œ€»æ,191,138,145,171,67,65,1.92,15
2014-02-24,÷ÿ∂»Œ€»æ,235,154,186,259,184,97,3.03,9
2014-02-25,—œ÷ÿŒ€»æ,289,173,239,328,208,124,4.10,10
2014-02-26,÷ÿ∂»Œ€»æ,249,175,202,276,109,93,2.96,26
2014-02-27,¡º,60,44,38,42,38,36,1.12,41
2014-02-28,¡º,58,72,28,66,66,53,1.02,29
2014-03-01,¡º,92,139,64,112,70,65,1.76,34
2014-03-02,÷ÿ∂»Œ€»æ,206,176,159,238,119,106,3.08,14
2014-03-03,÷–∂»Œ€»æ,183,173,141,199,86,75,2.54,12
2014-03-04,«·∂»Œ€»æ,134,170,98,140,77,60,2.57,28
2014-03-05,¡º,81,111,58,88,63,52,1.67,37
2014-03-06,¡º,60,89,34,63,58,47,1.56,35
2014-03-07,¡º,83,131,59,102,108,62,1.91,26
2014-03-08,÷ÿ∂»Œ€»æ,225,182,180,256,108,89,2.91,25
2014-03-09,«·∂»Œ€»æ,108,128,79,118,80,53,1.96,38
2014-03-10,«·∂»Œ€»æ,124,125,92,151,111,82,2.52,21
2014-03-11,÷ÿ∂»Œ€»æ,241,186,192,245,100,91,2.54,40
2014-03-12,¡º,77,88,48,99,49,42,1.18,38
2014-03-13,¡º,92,139,66,107,83,64,1.66,23
2014-03-14,¡º,83,73,40,115,39,43,0.97,40
2014-03-15,÷–∂»Œ€»æ,172,188,130,235,101,89,2.27,26
2014-03-16,÷–∂»Œ€»æ,193,185,146,212,79,77,2.13,32
2014-03-17,÷ÿ∂»Œ€»æ,218,168,128,268,73,67,2.03,28
2014-03-18,«·∂»Œ€»æ,133,93,65,193,52,56,1.41,43
2014-03-19,¡º,96,99,71,108,47,72,1.45,31
2014-03-20,¡º,60,44,37,65,27,44,1.02,42
2014-03-21,«·∂»Œ€»æ,125,181,93,136,59,74,1.88,33
2014-03-22,«·∂»Œ€»æ,139,178,91,182,46,59,1.40,43
2014-03-23,÷ÿ∂»Œ€»æ,205,185,157,230,78,88,2.45,48
2014-03-25,÷ÿ∂»Œ€»æ,238,181,187,251,74,91,1.90,49
2014-03-26,—œ÷ÿŒ€»æ,251,179,201,253,59,81,1.99,52
2014-03-27,÷ÿ∂»Œ€»æ,217,173,168,242,48,86,2.37,30
2014-03-28,÷ÿ∂»Œ€»æ,235,184,185,272,52,106,3.17,11
2014-03-29,÷–∂»Œ€»æ,171,163,129,158,35,60,2.73,40
2014-03-30,÷–∂»Œ€»æ,157,178,114,166,30,65,1.80,49
2014-03-31,÷–∂»Œ€»æ,184,187,141,218,47,76,1.71,52
2014-04-01,«·∂»Œ€»æ,150,185,113,143,38,57,1.34,76
2014-04-02,«·∂»Œ€»æ,141,179,99,170,36,54,1.12,61
2014-04-03,¡º,84,120,33,116,12,30,0.66,57
2014-04-04,¡º,96,131,46,139,32,41,0.94,58
2014-04-05,«·∂»Œ€»æ,105,151,33,158,16,34,0.80,55
2014-04-06,«·∂»Œ€»æ,116,176,67,179,40,44,1.13,64
2014-04-07,«·∂»Œ€»æ,120,172,89,165,41,48,1.27,72
2014-04-08,÷–∂»Œ€»æ,186,179,142,228,52,75,1.82,70
2014-04-09,÷–∂»Œ€»æ,189,181,127,217,32,41,1.62,86
2014-04-10,÷–∂»Œ€»æ,185,183,68,268,30,47,1.41,51
2014-04-11,¡º,96,124,71,123,56,87,2.15,23
2014-04-12,«·∂»Œ€»æ,117,151,86,158,43,90,1.68,32
2014-04-13,÷–∂»Œ€»æ,190,172,145,189,42,70,1.66,59
2014-04-14,«·∂»Œ€»æ,150,163,110,163,29,36,1.14,97
2014-04-15,«·∂»Œ€»æ,119,146,76,153,38,62,1.14,34
2014-04-16,«·∂»Œ€»æ,116,172,71,180,51,77,1.70,38
2014-04-17,«·∂»Œ€»æ,146,168,111,166,39,80,2.29,29
2014-04-18,«·∂»Œ€»æ,119,158,89,116,32,54,1.46,44
2014-04-19,¡º,89,170,60,111,28,69,1.39,36
2014-04-20,«·∂»Œ€»æ,107,166,78,127,21,67,1.50,44
2014-04-21,÷–∂»Œ€»æ,155,176,116,176,29,57,1.40,59
2014-04-22,«·∂»Œ€»æ,127,161,93,140,36,44,1.48,72
2014-04-23,«·∂»Œ€»æ,139,166,104,150,28,32,1.14,72
2014-04-24,«·∂»Œ€»æ,120,167,91,130,45,47,1.19,95
2014-04-25,«·∂»Œ€»æ,104,153,74,140,45,56,1.23,75
2014-04-26,¡º,65,99,41,75,10,31,1.26,44
2014-04-27,¡º,100,156,73,113,30,50,2.27,40
2014-04-28,¡º,81,127,54,105,25,54,1.29,54
2014-04-29,¡º,97,136,69,132,36,60,1.33,72
2014-04-30,«·∂»Œ€»æ,108,133,76,136,35,52,1.18,96
2014-05-01,«·∂»Œ€»æ,115,125,79,158,45,40,1.30,112
2014-05-02,¡º,57,28,28,65,5,21,0.74,65
2014-05-03,¡º,97,143,40,143,19,36,0.95,60
2014-05-04,¡º,72,104,28,93,4,19,0.73,60
2014-05-05,¡º,60,72,34,72,20,42,1.06,49
2014-05-06,¡º,99,154,71,139,51,58,1.45,62
2014-05-07,«·∂»Œ€»æ,101,150,74,114,22,43,1.57,75
2014-05-08,¡º,82,78,60,87,25,52,1.55,72
2014-05-09,¡º,78,100,52,102,31,49,1.41,76
2014-05-10,¡º,63,115,39,73,18,44,1.05,70
2014-05-11,”≈,45,49,29,21,7,25,1.14,76
2014-05-12,¡º,68,78,45,71,21,37,1.32,66
2014-05-13,¡º,95,128,67,129,36,54,1.21,78
2014-05-14,¡º,65,65,30,80,10,33,0.71,53
2014-05-15,«·∂»Œ€»æ,116,176,74,178,42,63,1.38,44
2014-05-16,«·∂»Œ€»æ,112,143,76,167,42,61,1.85,63
2014-05-17,¡º,79,76,52,98,25,65,1.51,53
2014-05-18,¡º,94,125,66,127,55,57,1.34,90
2014-05-19,«·∂»Œ€»æ,143,169,107,183,44,49,1.70,92
2014-05-20,÷–∂»Œ€»æ,161,176,119,174,23,41,1.84,77
2014-05-21,÷–∂»Œ€»æ,199,186,153,214,36,64,2.14,75
2014-05-22,÷–∂»Œ€»æ,155,172,115,177,25,56,1.35,80
2014-05-23,«·∂»Œ€»æ,136,181,98,168,39,53,1.42,103
2014-05-24,«·∂»Œ€»æ,105,165,71,107,16,45,1.10,36
2014-05-25,÷–∂»Œ€»æ,157,166,111,172,12,46,1.22,41
2014-05-26,¡º,85,75,47,114,32,52,1.21,60
2014-05-27,«·∂»Œ€»æ,126,124,64,199,25,51,1.26,53
2014-05-28,¡º,83,81,46,111,24,59,1.13,59
2014-05-29,¡º,100,82,60,132,35,61,1.34,108
2014-05-30,«·∂»Œ€»æ,132,119,95,196,49,66,2.15,143
2014-05-31,÷–∂»Œ€»æ,159,163,120,212,34,72,2.20,88
2014-06-01,¡º,96,146,63,113,15,25,1.50,105
2014-06-02,¡º,53,61,29,54,10,21,1.09,95
2014-06-03,¡º,76,136,50,82,20,37,1.39,91
2014-06-04,¡º,98,159,68,108,34,53,1.79,77
2014-06-05,¡º,73,86,42,79,19,34,1.34,95
2014-06-06,«·∂»Œ€»æ,103,129,71,117,33,40,1.44,72
2014-06-07,”≈,36,18,17,26,6,28,0.84,61
2014-06-08,¡º,91,116,58,96,29,44,1.17,91
2014-06-09,¡º,79,123,48,77,19,40,1.28,92
2014-06-10,¡º,81,127,58,83,16,37,1.45,64
2014-06-11,«·∂»Œ€»æ,106,163,75,89,16,37,1.49,78
2014-06-12,«·∂»Œ€»æ,110,146,70,100,25,45,1.79,116
2014-06-13,¡º,71,64,38,82,23,48,1.64,74
2014-06-14,¡º,82,69,37,73,18,43,1.30,109
2014-06-15,«·∂»Œ€»æ,103,104,71,130,24,42,1.44,112
2014-06-16,«·∂»Œ€»æ,143,157,107,136,14,25,1.45,127
2014-06-17,«·∂»Œ€»æ,123,162,92,123,20,35,1.68,113
2014-06-18,«·∂»Œ€»æ,132,179,100,130,18,47,1.90,81
2014-06-19,«·∂»Œ€»æ,108,159,76,101,21,47,1.56,63
2014-06-20,¡º,53,83,30,50,12,35,1.22,71
2014-06-21,¡º,66,124,42,64,14,30,1.00,79
2014-06-22,¡º,74,128,45,72,11,38,1.03,87
2014-06-23,¡º,75,119,37,60,18,39,1.24,95
2014-06-24,¡º,98,137,52,93,30,44,1.45,110
2014-06-25,«·∂»Œ€»æ,105,166,72,109,29,53,1.38,69
2014-06-26,«·∂»Œ€»æ,137,181,99,126,17,40,1.55,107
2014-06-27,¡º,63,104,27,63,10,39,0.93,81
2014-06-28,¡º,78,122,38,85,27,55,1.27,78
2014-06-29,«·∂»Œ€»æ,109,149,53,141,30,66,1.55,95
2014-06-30,«·∂»Œ€»æ,105,146,53,114,36,49,1.43,109
2014-07-01,«·∂»Œ€»æ,111,150,79,140,37,44,1.44,121
2014-07-02,¡º,91,166,58,82,10,29,1.25,102
2014-07-03,÷–∂»Œ€»æ,153,182,115,138,30,41,1.58,93
2014-07-04,÷–∂»Œ€»æ,175,187,135,158,6,55,1.75,77
2014-07-05,«·∂»Œ€»æ,135,184,102,136,10,58,1.94,84
2014-07-06,«·∂»Œ€»æ,124,171,87,110,18,33,1.20,115
2014-07-07,¡º,98,157,63,100,40,40,1.21,118
2014-07-08,÷–∂»Œ€»æ,164,183,114,156,21,40,1.47,119
2014-07-09,¡º,73,116,33,93,17,62,1.27,55
2014-07-10,¡º,84,129,31,84,24,35,1.46,103
2014-07-11,«·∂»Œ€»æ,122,143,74,114,22,30,1.55,135
2014-07-12,«·∂»Œ€»æ,139,175,91,140,33,38,2.55,139
2014-07-13,«·∂»Œ€»æ,120,181,70,103,25,41,1.55,115
2014-07-14,«·∂»Œ€»æ,117,165,61,132,39,58,1.44,112
2014-07-15,¡º,96,163,40,72,20,21,0.98,159
2014-07-16,«·∂»Œ€»æ,119,181,83,111,25,37,1.30,109
2014-07-17,¡º,82,145,52,77,12,32,1.34,120
2014-07-18,«·∂»Œ€»æ,127,179,89,120,8,34,1.22,100
2014-07-19,«·∂»Œ€»æ,113,175,82,114,10,29,1.14,109
2014-07-20,¡º,78,127,51,86,14,24,0.97,95
2014-07-21,¡º,93,170,63,97,10,30,1.15,84
2014-07-22,¡º,63,100,30,75,18,53,1.37,35
2014-07-23,¡º,59,103,26,65,23,43,1.54,68
2014-07-24,¡º,80,146,54,98,22,51,1.82,51
2014-07-25,¡º,96,169,63,116,31,44,2.28,90
2014-07-26,«·∂»Œ€»æ,107,128,68,111,29,34,1.37,127
2014-07-27,«·∂»Œ€»æ,130,160,97,138,29,33,1.44,128
2014-07-28,÷–∂»Œ€»æ,154,182,114,149,23,30,1.44,130
2014-07-29,÷–∂»Œ€»æ,166,188,125,178,33,34,1.88,131
2014-07-30,«·∂»Œ€»æ,117,182,88,123,13,31,1.83,74
2014-07-31,«·∂»Œ€»æ,116,173,86,111,20,34,1.62,66
2014-08-01,¡º,84,154,58,86,11,33,1.44,51
2014-08-02,¡º,68,128,45,75,15,32,1.13,55
2014-08-03,¡º,95,156,64,123,23,48,1.97,66
2014-08-04,¡º,86,130,63,84,12,38,2.52,40
2014-08-05,”≈,47,49,30,50,13,36,1.42,63
2014-08-06,¡º,87,172,58,102,25,56,1.90,67
2014-08-07,¡º,74,161,45,91,30,47,1.74,63
2014-08-09,¡º,71,139,43,88,14,35,1.14,86
2014-08-10,¡º,80,141,48,95,20,31,1.34,115
2014-08-11,¡º,87,126,50,103,22,44,1.40,75
2014-08-12,¡º,86,151,49,114,45,62,2.21,79
2014-08-13,”≈,48,64,25,48,10,31,1.17,69
2014-08-14,¡º,67,144,37,59,14,34,1.11,80
2014-08-15,¡º,85,147,48,95,27,44,1.40,89
2014-08-16,«·∂»Œ€»æ,137,183,102,171,31,55,1.83,94
2014-08-17,¡º,68,113,41,78,15,28,1.30,90
2014-08-18,¡º,86,169,57,92,23,36,1.40,69
2014-08-19,¡º,100,172,67,104,28,39,1.72,88
2014-08-20,«·∂»Œ€»æ,103,148,76,124,32,36,1.47,92
2014-08-21,«·∂»Œ€»æ,140,172,99,157,24,35,1.62,93
2014-08-23,«·∂»Œ€»æ,108,169,79,126,20,34,1.58,82
2014-08-24,¡º,57,94,32,60,10,29,1.46,79
2014-08-25,¡º,53,58,24,58,14,33,1.25,56
2014-08-26,¡º,86,129,51,104,17,49,0.93,64
2014-08-27,«·∂»Œ€»æ,114,181,73,159,18,66,1.02,72
2014-08-28,«·∂»Œ€»æ,115,183,81,139,20,44,1.01,54
2014-08-29,¡º,89,158,66,84,9,23,0.89,68
2014-08-30,«·∂»Œ€»æ,102,170,76,99,14,29,0.86,57
2014-08-31,¡º,62,123,44,57,6,25,1.18,53
2014-09-01,¡º,92,171,66,84,11,29,1.33,45
2014-09-02,”≈,50,87,35,37,7,18,0.91,51
2014-09-03,”≈,33,23,14,32,8,22,0.73,44
2014-09-04,¡º,60,66,32,69,16,28,0.76,54
2014-09-05,¡º,83,110,59,94,21,27,1.00,74
2014-09-06,«·∂»Œ€»æ,134,179,101,130,16,34,1.05,73
2014-09-07,÷–∂»Œ€»æ,152,183,114,136,17,33,1.17,62
2014-09-08,¡º,72,101,43,70,9,23,0.75,47
2014-09-09,¡º,56,80,25,57,15,29,0.99,61
2014-09-10,¡º,62,78,30,72,11,39,0.88,64
2014-09-11,¡º,74,144,46,90,28,40,1.00,46
2014-09-12,¡º,72,162,51,73,13,36,0.96,35
2014-09-13,¡º,80,166,52,87,26,42,1.37,68
2014-09-14,¡º,97,178,70,110,23,58,1.63,23
2014-09-15,¡º,59,148,34,64,19,48,1.34,23
2014-09-16,¡º,93,187,66,111,35,54,1.44,33
2014-09-17,¡º,54,118,37,53,21,34,1.05,42
2014-09-18,¡º,93,178,64,96,30,57,2.04,54
2014-09-19,¡º,89,154,65,91,28,38,1.22,59
2014-09-20,«·∂»Œ€»æ,120,176,90,127,33,47,1.70,41
2014-09-21,¡º,68,125,45,77,21,41,1.43,51
2014-09-22,¡º,84,149,58,96,27,48,1.49,60
2014-09-23,«·∂»Œ€»æ,111,177,83,106,27,48,2.93,25
2014-09-24,¡º,57,94,39,59,31,40,2.05,24
2014-09-25,¡º,67,72,46,70,27,47,1.60,66
2014-09-26,«·∂»Œ€»æ,140,175,105,152,42,48,1.95,67
2014-09-27,«·∂»Œ€»æ,102,131,69,97,13,42,1.19,34
2014-09-28,¡º,66,100,36,80,13,50,0.74,23
2014-09-29,¡º,94,177,60,105,20,43,1.15,19
2014-09-30,”≈,45,55,19,47,18,35,0.93,21
2014-10-01,«·∂»Œ€»æ,103,176,73,103,35,48,0.86,25
2014-10-02,«·∂»Œ€»æ,103,168,77,78,13,40,1.09,22
2014-10-03,¡º,89,141,64,73,14,32,1.27,39
2014-10-04,”≈,47,18,33,43,7,21,0.74,41
2014-10-05,¡º,52,27,31,48,6,26,1.02,27
2014-10-06,¡º,55,27,31,60,10,40,0.74,27
2014-10-07,«·∂»Œ€»æ,135,167,101,165,27,57,1.27,45
2014-10-08,÷ÿ∂»Œ€»æ,209,177,163,222,29,63,1.23,49
2014-10-09,÷ÿ∂»Œ€»æ,222,177,172,221,29,69,1.41,45
2014-10-10,÷ÿ∂»Œ€»æ,230,177,180,228,26,63,1.62,51
2014-10-11,«·∂»Œ€»æ,133,153,100,130,13,49,1.22,32
2014-10-12,”≈,41,28,16,42,5,24,0.49,25
2014-10-13,”≈,49,39,24,56,8,31,0.64,22
2014-10-14,«·∂»Œ€»æ,112,153,83,131,26,54,0.91,24
2014-10-15,«·∂»Œ€»æ,124,118,82,141,17,42,0.87,28
2014-10-16,¡º,71,55,34,91,14,45,0.77,19
2014-10-17,÷–∂»Œ€»æ,160,176,117,231,28,76,1.26,21
2014-10-18,÷ÿ∂»Œ€»æ,208,176,161,256,27,77,1.35,32
2014-10-19,÷–∂»Œ€»æ,185,177,140,194,21,55,1.26,27
2014-10-20,÷–∂»Œ€»æ,168,170,125,154,11,38,1.19,17
2014-10-21,¡º,59,29,26,69,17,35,0.82,20
2014-10-22,¡º,74,59,42,95,17,53,0.79,9
2014-10-23,÷ÿ∂»Œ€»æ,203,179,161,231,19,64,1.18,6
2014-10-24,—œ÷ÿŒ€»æ,283,185,232,292,12,58,1.32,12
2014-10-25,—œ÷ÿŒ€»æ,262,184,211,267,8,70,1.87,4
2014-10-26,÷–∂»Œ€»æ,166,178,121,189,9,42,1.65,19
2014-10-27,¡º,59,26,24,66,11,38,0.71,18
2014-10-28,¡º,64,55,36,75,12,54,0.84,14
2014-10-29,«·∂»Œ€»æ,141,168,104,166,39,78,1.31,20
2014-10-30,÷–∂»Œ€»æ,188,172,143,202,48,97,1.81,12
2014-10-31,÷–∂»Œ€»æ,188,165,143,177,23,75,1.84,17
2014-11-01,÷–∂»Œ€»æ,157,164,117,149,14,67,1.67,16
2014-11-02,”≈,49,56,19,52,7,33,0.65,37
2014-11-03,¡º,93,169,65,103,33,60,1.19,23
2014-11-04,«·∂»Œ€»æ,111,160,78,141,44,62,1.26,32
2014-11-05,«·∂»Œ€»æ,109,124,77,124,35,58,1.24,33
2014-11-06,”≈,44,16,20,46,18,29,1.06,39
2014-11-07,¡º,59,55,36,64,24,48,1.21,16
2014-11-08,¡º,83,120,60,82,22,52,1.14,22
2014-11-09,÷–∂»Œ€»æ,157,160,119,144,26,65,1.77,26
2014-11-10,÷ÿ∂»Œ€»æ,223,179,174,191,44,79,2.17,36
2014-11-11,«·∂»Œ€»æ,134,126,95,133,16,47,1.24,27
2014-11-12,¡º,61,78,14,72,14,24,0.65,46
2014-11-13,¡º,68,84,41,82,38,56,1.22,23
2014-11-14,¡º,91,105,63,109,67,72,1.92,17
2014-11-15,«·∂»Œ€»æ,106,115,79,126,90,80,1.91,13
2014-11-16,«·∂»Œ€»æ,114,114,85,102,51,53,1.39,19
2014-11-17,”≈,49,14,29,56,39,50,0.95,27
2014-11-18,÷–∂»Œ€»æ,177,179,133,181,104,82,2.40,15
2014-11-19,÷–∂»Œ€»æ,188,175,142,177,103,84,2.01,18
2014-11-20,÷ÿ∂»Œ€»æ,238,175,189,244,84,91,2.61,13
2014-11-21,—œ÷ÿŒ€»æ,423,183,386,486,99,173,5.30,9
2014-11-22,«·∂»Œ€»æ,129,95,93,125,61,77,2.02,16
2014-11-23,÷–∂»Œ€»æ,177,154,135,187,66,88,2.70,4
2014-11-24,÷–∂»Œ€»æ,162,167,117,158,55,73,2.74,8
2014-11-25,¡º,99,138,72,120,51,73,1.49,12
2014-11-26,—œ÷ÿŒ€»æ,309,187,261,314,93,87,2.89,11
2014-11-27,÷ÿ∂»Œ€»æ,240,182,198,258,67,69,3.05,13
2014-11-28,«·∂»Œ€»æ,137,175,103,152,68,65,2.41,16
2014-11-29,÷ÿ∂»Œ€»æ,243,187,192,225,69,70,2.78,4
2014-11-30,÷ÿ∂»Œ€»æ,216,186,116,250,47,44,1.86,30
2014-12-01,¡º,85,131,21,105,33,27,1.06,38
2014-12-02,¡º,52,40,31,57,50,47,1.22,16
2014-12-03,¡º,66,78,22,80,30,30,0.76,41
2014-12-04,¡º,58,78,23,65,43,36,0.88,38
2014-12-05,”≈,48,39,23,49,33,34,0.86,40
2014-12-06,¡º,69,52,44,82,66,75,1.62,7
2014-12-07,¡º,98,109,72,93,61,58,2.29,11
2014-12-08,«·∂»Œ€»æ,107,109,79,114,67,63,2.16,14
2014-12-09,÷ÿ∂»Œ€»æ,201,181,155,183,122,80,2.71,6
2014-12-10,÷–∂»Œ€»æ,195,174,145,188,54,54,1.96,20
2014-12-11,”≈,50,24,34,49,43,43,1.08,30
2014-12-12,¡º,67,70,43,70,42,40,1.18,27
2014-12-13,«·∂»Œ€»æ,106,148,79,116,70,64,1.77,12
2014-12-14,÷–∂»Œ€»æ,185,175,141,175,102,74,2.49,11
2014-12-15,÷–∂»Œ€»æ,186,166,134,205,70,60,2.80,23
2014-12-16,¡º,52,39,23,57,46,34,0.97,26
2014-12-17,«·∂»Œ€»æ,102,164,74,126,71,66,1.78,12
2014-12-18,—œ÷ÿŒ€»æ,257,185,206,290,120,105,3.12,9
2014-12-19,÷–∂»Œ€»æ,166,174,127,170,67,60,2.36,25
2014-12-20,”≈,43,22,29,41,46,39,0.99,23
2014-12-21,¡º,55,34,33,62,46,37,0.98,28
2014-12-22,÷–∂»Œ€»æ,171,184,130,202,117,79,2.60,9
2014-12-23,÷ÿ∂»Œ€»æ,237,182,187,247,124,97,2.69,6
2014-12-24,÷–∂»Œ€»æ,158,138,123,153,65,71,2.38,19
2014-12-25,«·∂»Œ€»æ,116,116,85,112,77,65,2.12,19
2014-12-26,÷–∂»Œ€»æ,154,149,117,159,83,93,2.54,11
2014-12-27,—œ÷ÿŒ€»æ,333,186,282,344,176,113,3.70,4
2014-12-28,—œ÷ÿŒ€»æ,372,187,328,405,127,113,3.87,9
2014-12-29,—œ÷ÿŒ€»æ,325,186,274,355,138,119,3.79,11
2014-12-30,÷–∂»Œ€»æ,159,135,122,181,77,83,2.62,12
2014-12-31,«·∂»Œ€»æ,102,368,19,152,22,17,0.78,43
2015-01-01,¡º,88,228,61,104,66,55,1.37,18
2015-01-02,¡º,95,367,67,110,61,56,1.82,18
2015-01-03,÷ÿ∂»Œ€»æ,219,340,179,262,133,91,2.88,6
2015-01-04,—œ÷ÿŒ€»æ,383,356,314,450,175,175,5.93,6
2015-01-05,÷–∂»Œ€»æ,163,230,116,192,77,70,3.83,15
2015-01-06,¡º,53,88,29,66,39,40,1.16,33
2015-01-07,«·∂»Œ€»æ,110,291,76,143,85,63,2.17,11
2015-01-08,÷–∂»Œ€»æ,159,314,118,203,114,93,3.17,7
2015-01-09,÷–∂»Œ€»æ,181,294,138,224,84,87,3.30,17
2015-01-10,÷ÿ∂»Œ€»æ,231,337,183,296,132,110,3.58,11
2015-01-11,¡º,88,136,59,101,59,59,1.66,16
2015-01-12,¡º,60,104,36,69,60,62,1.40,16
2015-01-13,÷–∂»Œ€»æ,153,299,115,193,101,85,2.12,8
2015-01-14,—œ÷ÿŒ€»æ,256,355,204,309,100,111,3.94,4
2015-01-15,—œ÷ÿŒ€»æ,261,344,211,275,107,89,4.11,4
2015-01-16,«·∂»Œ€»æ,138,239,99,146,56,54,2.11,24
2015-01-17,¡º,55,39,37,59,43,50,1.01,30
2015-01-18,«·∂»Œ€»æ,137,288,92,175,75,56,1.52,28
2015-01-19,¡º,70,83,30,87,52,59,1.17,22
2015-01-20,«·∂»Œ€»æ,124,273,87,173,80,75,2.48,7
2015-01-21,«·∂»Œ€»æ,101,175,68,123,59,56,2.13,20
2015-01-22,«·∂»Œ€»æ,117,227,88,133,67,63,1.91,17
2015-01-23,÷–∂»Œ€»æ,194,334,150,241,89,86,2.60,9
2015-01-24,«·∂»Œ€»æ,148,222,110,177,53,65,2.37,19
2015-01-25,«·∂»Œ€»æ,105,133,77,115,66,52,2.05,18
2015-01-26,÷–∂»Œ€»æ,191,272,146,201,53,58,2.54,15
2015-01-27,”≈,35,23,17,36,22,31,0.84,38
2015-01-28,¡º,87,305,62,109,82,69,1.90,9
2015-01-29,¡º,84,259,60,90,58,43,1.16,25
2015-01-30,”≈,41,48,18,44,28,33,0.63,35
2015-01-31,¡º,61,128,37,72,48,50,1.05,23
2015-02-01,÷–∂»Œ€»æ,176,350,134,205,105,89,2.74,10
2015-02-02,÷–∂»Œ€»æ,166,315,126,180,126,98,2.11,9
2015-02-03,÷–∂»Œ€»æ,196,310,149,206,107,86,2.37,17
2015-02-04,”≈,47,48,17,50,32,28,0.62,44
2015-02-05,”≈,46,35,26,53,36,41,0.82,38
2015-02-06,«·∂»Œ€»æ,138,317,104,166,102,72,2.07,16
2015-02-07,«·∂»Œ€»æ,104,209,58,130,49,49,1.33,28
2015-02-08,”≈,40,18,15,42,21,28,0.68,43
2015-02-09,«·∂»Œ€»æ,115,299,84,149,91,68,1.99,19
2015-02-10,÷–∂»Œ€»æ,166,332,126,203,89,81,2.18,15
2015-02-11,«·∂»Œ€»æ,126,235,94,155,69,70,2.61,24
2015-02-12,¡º,64,77,39,72,42,48,1.39,32
2015-02-13,«·∂»Œ€»æ,116,232,85,139,84,63,1.76,29
2015-02-14,÷ÿ∂»Œ€»æ,234,350,186,275,73,81,2.46,41
2015-02-15,÷–∂»Œ€»æ,162,284,124,193,45,49,1.78,39
2015-02-16,÷–∂»Œ€»æ,163,299,120,164,52,50,2.10,29
2015-02-17,¡º,68,100,42,85,31,33,1.26,39
2015-02-18,¡º,89,185,64,113,61,40,1.78,34
2015-02-19,«·∂»Œ€»æ,117,203,82,133,83,36,1.52,39
2015-02-20,¡º,84,264,61,80,35,38,1.50,25
2015-02-21,÷–∂»Œ€»æ,183,349,115,214,40,30,1.87,26
2015-02-22,÷ÿ∂»Œ€»æ,245,339,39,335,27,16,1.11,50
2015-02-23,¡º,98,265,43,144,53,35,1.67,32
2015-02-24,«·∂»Œ€»æ,140,331,97,224,58,57,2.23,14
2015-02-25,«·∂»Œ€»æ,123,305,86,173,59,41,3.01,30
2015-02-26,¡º,63,190,36,76,28,32,1.38,38
2015-02-27,”≈,47,160,21,51,32,33,1.17,33
2015-02-28,¡º,77,288,54,82,31,33,1.40,30
2015-03-01,«·∂»Œ€»æ,114,330,67,167,44,40,1.59,37
2015-03-02,«·∂»Œ€»æ,109,301,75,156,58,59,1.81,28
2015-03-03,¡º,68,145,19,89,18,19,0.91,51
2015-03-04,¡º,54,149,22,61,35,35,1.01,38
2015-03-05,¡º,76,257,51,96,62,49,1.34,33
2015-03-06,«·∂»Œ€»æ,134,336,101,182,61,51,1.56,36
2015-03-07,÷–∂»Œ€»æ,152,342,114,187,56,67,1.77,31
2015-03-08,÷–∂»Œ€»æ,159,342,121,184,53,66,1.99,18
2015-03-09,¡º,54,108,19,58,17,27,0.91,46
2015-03-10,¡º,72,230,42,90,50,54,1.41,32
2015-03-11,¡º,87,263,53,118,42,46,1.58,36
2015-03-12,«·∂»Œ€»æ,113,290,82,147,77,75,2.39,31
2015-03-13,¡º,88,208,59,107,56,63,2.18,32
2015-03-14,¡º,91,178,62,128,60,75,1.66,28
2015-03-15,«·∂»Œ€»æ,146,304,86,231,54,73,2.35,28
2015-03-16,÷ÿ∂»Œ€»æ,210,343,155,263,43,66,1.92,31
2015-03-17,«·∂»Œ€»æ,143,323,98,170,22,45,1.28,43
2015-03-18,¡º,85,262,55,117,34,80,1.53,27
2015-03-19,÷–∂»Œ€»æ,180,351,121,279,48,99,2.35,27
2015-03-20,÷–∂»Œ€»æ,181,335,102,282,29,76,1.96,35
2015-03-21,«·∂»Œ€»æ,115,291,41,178,12,38,0.90,36
2015-03-22,«·∂»Œ€»æ,117,285,32,171,12,32,0.91,31
2015-03-23,¡º,77,230,43,100,22,48,1.14,28
2015-03-24,«·∂»Œ€»æ,101,306,71,136,33,65,1.59,23
2015-03-25,«·∂»Œ€»æ,107,319,78,131,27,62,1.35,38
2015-03-26,¡º,96,281,67,114,22,38,0.79,39
2015-03-27,¡º,86,227,59,108,16,24,0.59,34
2015-03-28,—œ÷ÿŒ€»æ,281,361,86,402,10,22,0.60,25
2015-03-29,÷ÿ∂»Œ€»æ,226,340,95,363,14,35,0.99,27
2015-03-30,÷–∂»Œ€»æ,153,324,85,244,23,29,0.97,47
2015-03-31,¡º,91,251,67,89,9,23,0.99,26
2015-04-01,¡º,69,210,46,74,16,32,1.10,21
2015-04-02,¡º,69,249,48,56,5,26,0.96,24
2015-04-03,¡º,61,147,42,56,10,27,0.83,33
2015-04-04,¡º,93,285,68,85,20,42,1.25,56
2015-04-05,¡º,89,261,58,80,15,33,0.97,57
2015-04-06,”≈,42,87,24,43,11,19,0.79,60
2015-04-07,¡º,65,265,45,71,18,32,0.97,52
2015-04-08,¡º,92,314,67,89,24,38,0.96,47
2015-04-09,«·∂»Œ€»æ,103,322,76,94,20,38,0.98,50
2015-04-10,«·∂»Œ€»æ,139,342,105,120,22,43,1.16,57
2015-04-11,«·∂»Œ€»æ,144,351,109,115,24,36,1.30,51
2015-04-12,”≈,45,35,27,38,8,17,0.84,60
2015-04-13,¡º,61,146,42,61,8,29,0.93,78
2015-04-14,«·∂»Œ€»æ,140,354,105,134,27,50,1.50,62
2015-04-15,÷–∂»Œ€»æ,151,326,90,188,18,28,0.87,35
2015-04-16,«·∂»Œ€»æ,104,228,28,139,3,10,0.46,45
2015-04-17,«·∂»Œ€»æ,104,227,54,157,14,26,0.70,32
2015-04-18,«·∂»Œ€»æ,122,316,81,192,18,45,1.01,16
2015-04-19,¡º,80,275,44,107,12,28,0.89,18
2015-04-20,¡º,98,338,67,126,12,26,0.86,29
2015-04-21,¡º,97,321,63,126,13,19,0.71,36
2015-04-22,¡º,80,249,54,87,10,31,0.80,30
2015-04-23,«·∂»Œ€»æ,104,304,70,136,16,25,0.81,38
2015-04-24,¡º,99,283,50,146,9,29,0.60,27
2015-04-25,«·∂»Œ€»æ,115,291,77,169,20,30,0.87,45
2015-04-26,¡º,86,193,59,106,12,15,0.72,62
2015-04-27,«·∂»Œ€»æ,106,303,78,129,20,21,0.85,93
2015-04-28,¡º,77,206,54,80,10,23,0.74,74
2015-04-29,«·∂»Œ€»æ,103,294,76,103,10,30,0.80,58
2015-04-30,«·∂»Œ€»æ,147,335,111,144,16,28,0.85,103
2015-05-01,¡º,100,296,70,107,13,20,0.66,86
2015-05-02,¡º,67,239,47,58,5,14,0.73,72
2015-05-03,¡º,87,281,55,88,5,19,0.54,57
2015-05-04,¡º,53,94,20,59,3,11,0.42,75
2015-05-05,¡º,93,283,59,121,11,22,0.71,67
2015-05-06,«·∂»Œ€»æ,102,279,44,151,8,19,0.62,51
2015-05-07,¡º,76,161,44,95,6,21,0.77,65
2015-05-08,«·∂»Œ€»æ,111,344,83,111,15,18,0.77,88
2015-05-09,”≈,32,22,18,28,6,12,0.49,52
2015-05-10,”≈,45,57,25,40,6,22,0.64,40
2015-05-11,¡º,60,237,41,37,5,19,0.92,34
2015-05-12,”≈,50,101,26,51,7,19,0.61,66
2015-05-13,¡º,81,244,49,107,16,24,0.72,71
2015-05-14,¡º,72,177,28,91,4,16,0.46,74
2015-05-15,¡º,69,231,43,86,11,33,0.84,49
2015-05-16,¡º,83,260,51,99,12,22,0.72,85
2015-05-17,«·∂»Œ€»æ,102,286,70,128,10,12,0.71,97
2015-05-18,¡º,65,140,37,71,4,17,0.55,60
2015-05-19,¡º,62,164,21,73,3,14,0.44,66
2015-05-20,”≈,48,100,21,45,8,31,0.74,64
2015-05-21,¡º,68,214,39,76,28,39,1.20,80
2015-05-22,¡º,86,273,54,85,32,43,1.43,100
2015-05-23,«·∂»Œ€»æ,122,329,81,115,30,49,1.60,128
2015-05-24,«·∂»Œ€»æ,119,310,73,107,33,41,1.81,137
2015-05-25,«·∂»Œ€»æ,121,295,72,114,27,38,1.56,142
2015-05-26,«·∂»Œ€»æ,115,279,74,115,23,35,1.60,146
2015-05-27,«·∂»Œ€»æ,127,301,84,123,26,35,1.68,148
2015-05-28,«·∂»Œ€»æ,109,296,67,106,24,42,1.54,117
2015-05-29,¡º,83,295,60,86,10,48,1.80,42
2015-05-30,¡º,84,309,56,80,14,47,1.73,53
2015-05-31,¡º,92,268,64,117,21,28,1.55,103
2015-06-01,«·∂»Œ€»æ,108,291,78,121,9,23,1.50,105
2015-06-02,¡º,75,264,45,80,10,24,1.60,92
2015-06-03,¡º,64,258,30,67,15,41,1.07,79
2015-06-04,¡º,73,274,50,87,24,51,1.53,58
2015-06-05,¡º,76,261,50,73,18,40,1.65,85
2015-06-06,¡º,82,250,56,93,19,31,1.69,115
2015-06-07,¡º,68,241,37,65,12,32,1.32,86
2015-06-08,¡º,60,233,28,51,14,40,1.37,82
2015-06-09,¡º,98,296,57,106,30,41,1.41,122
2015-06-10,¡º,100,295,72,109,17,36,2.34,83
2015-06-11,¡º,59,179,29,44,9,28,1.12,79
2015-06-12,”≈,50,104,19,41,10,36,0.95,66
2015-06-13,¡º,62,214,31,59,16,41,1.79,76
2015-06-14,¡º,72,240,38,59,11,34,1.67,96
2015-06-15,¡º,95,296,65,92,23,39,1.88,111
2015-06-16,«·∂»Œ€»æ,113,324,76,121,23,41,1.29,126
2015-06-17,«·∂»Œ€»æ,145,339,106,183,22,43,1.69,117
2015-06-18,¡º,89,315,51,91,22,28,1.87,91
2015-06-19,¡º,67,230,38,79,18,37,1.45,57
2015-06-20,¡º,72,273,45,62,11,33,1.16,69
2015-06-21,¡º,98,328,57,93,23,38,1.23,112
2015-06-22,«·∂»Œ€»æ,126,344,93,154,19,41,1.45,131
2015-06-23,÷–∂»Œ€»æ,175,361,132,180,14,37,1.46,140
2015-06-24,«·∂»Œ€»æ,121,356,91,120,14,28,1.13,111
2015-06-25,«·∂»Œ€»æ,128,361,95,126,14,35,1.15,102
2015-06-26,«·∂»Œ€»æ,105,343,78,96,9,33,1.22,61
2015-06-27,¡º,71,280,50,72,5,18,0.63,49
2015-06-28,«·∂»Œ€»æ,113,339,84,107,4,17,0.79,65
2015-06-29,¡º,88,331,64,81,4,16,0.76,41
2015-06-30,”≈,35,59,20,32,5,16,0.63,31
2015-07-01,¡º,58,234,34,57,5,17,0.46,39
2015-07-02,”≈,38,66,14,41,4,20,0.36,36
2015-07-03,”≈,46,136,19,48,8,13,0.57,58
2015-07-04,”≈,45,108,21,46,7,19,0.52,41
2015-07-05,¡º,61,220,40,59,8,18,0.58,58
2015-07-06,¡º,65,251,44,63,8,16,0.57,61
2015-07-07,¡º,66,243,46,71,9,18,0.62,65
2015-07-08,¡º,74,260,53,73,5,16,0.55,74
2015-07-09,¡º,62,189,35,65,7,18,0.48,66
2015-07-10,¡º,59,190,31,67,6,13,0.49,87
2015-07-11,«·∂»Œ€»æ,113,346,82,155,7,19,0.71,90
2015-07-12,«·∂»Œ€»æ,124,347,90,153,6,17,0.73,100
2015-07-13,¡º,94,276,53,114,8,23,0.74,94
2015-07-14,¡º,87,249,39,113,12,25,0.93,110
2015-07-15,¡º,98,319,57,143,10,33,0.97,78
2015-07-16,¡º,67,246,38,83,6,13,0.68,83
2015-07-17,”≈,49,124,24,50,6,13,0.54,59
2015-07-18,¡º,51,129,31,54,5,14,0.64,75
2015-07-19,¡º,82,312,57,87,4,18,0.76,62
2015-07-20,¡º,61,176,42,64,6,16,0.66,48
2015-07-21,¡º,91,322,67,95,6,15,0.69,79
2015-07-22,¡º,62,220,42,67,5,20,0.83,72
2015-07-23,¡º,78,308,55,92,5,23,0.83,76
2015-07-24,¡º,95,339,68,96,5,22,0.93,71
2015-07-25,¡º,83,300,58,100,6,23,0.96,87
2015-07-26,«·∂»Œ€»æ,112,342,84,137,5,15,0.93,104
2015-07-27,«·∂»Œ€»æ,128,355,95,165,6,17,1.03,106
2015-07-28,¡º,92,335,64,103,5,15,1.17,94
2015-07-29,«·∂»Œ€»æ,110,352,80,131,5,15,0.89,74
2015-07-30,¡º,55,215,24,49,6,13,0.85,86
2015-07-31,¡º,56,236,23,49,7,15,0.95,93
2015-08-01,¡º,64,253,34,67,9,21,0.82,74
2015-08-02,¡º,77,315,49,92,4,16,0.84,58
2015-08-03,¡º,64,283,44,70,4,24,0.97,35
2015-08-04,¡º,57,220,20,57,8,21,0.75,73
2015-08-05,¡º,82,304,56,105,8,17,0.78,87
2015-08-06,¡º,80,329,56,93,10,14,0.67,87
2015-08-07,¡º,69,273,44,77,9,20,0.70,72
2015-08-08,¡º,71,297,42,87,8,22,0.77,96
2015-08-09,«·∂»Œ€»æ,120,355,90,163,8,31,1.04,101
2015-08-10,÷–∂»Œ€»æ,160,361,116,200,8,33,1.23,101
2015-08-11,«·∂»Œ€»æ,148,361,109,145,8,25,1.40,81
2015-08-12,«·∂»Œ€»æ,107,333,75,127,15,26,1.15,82
2015-08-13,¡º,95,299,65,118,12,22,0.99,86
2015-08-14,¡º,86,280,54,104,10,27,0.86,71
2015-08-15,«·∂»Œ€»æ,104,349,61,129,15,45,1.12,75
2015-08-16,«·∂»Œ€»æ,102,309,65,132,16,33,1.03,84
2015-08-17,«·∂»Œ€»æ,101,290,72,126,14,22,1.02,91
2015-08-18,¡º,98,315,68,123,14,33,1.08,56
2015-08-19,¡º,76,315,52,96,11,38,1.27,52
2015-08-20,«·∂»Œ€»æ,107,354,77,125,13,30,1.24,75
2015-08-21,¡º,66,240,34,78,13,27,0.90,70
2015-08-22,¡º,79,288,42,101,17,33,1.08,78
2015-08-23,¡º,61,187,34,70,23,31,1.79,46
2015-08-24,¡º,53,157,28,56,13,24,1.42,48
2015-08-25,”≈,45,99,21,47,9,20,1.13,56
2015-08-26,¡º,53,120,32,54,10,20,1.11,59
2015-08-27,¡º,53,130,34,54,10,19,1.05,38
2015-08-28,¡º,53,134,32,53,6,18,0.68,42
2015-08-29,”≈,44,104,24,44,6,16,0.79,39
2015-08-30,”≈,45,98,25,45,10,16,1.04,28
2015-08-31,”≈,45,100,30,41,5,18,1.10,22
2015-09-01,”≈,30,39,20,23,4,12,0.99,22
2015-09-02,”≈,31,57,15,30,4,14,0.61,26
2015-09-03,”≈,49,151,26,49,5,17,0.67,37
2015-09-04,¡º,64,262,45,54,5,11,0.84,45
2015-09-05,”≈,31,37,21,23,4,15,0.83,30
2015-09-06,”≈,41,106,21,40,8,18,0.75,31
2015-09-07,¡º,59,220,34,68,8,25,0.74,37
2015-09-08,¡º,68,250,41,74,13,30,0.73,42
2015-09-09,¡º,71,280,42,89,18,35,1.19,27
2015-09-10,”≈,40,107,16,41,12,20,0.82,12
2015-09-11,”≈,25,18,13,24,4,14,0.44,28
2015-09-12,”≈,25,11,9,23,5,14,0.39,36
2015-09-13,¡º,59,214,30,68,13,23,0.72,51
2015-09-14,¡º,72,273,48,91,17,24,0.66,76
2015-09-15,«·∂»Œ€»æ,104,346,77,123,15,37,0.90,73
2015-09-16,«·∂»Œ€»æ,105,343,77,115,16,33,0.91,69
2015-09-17,¡º,94,315,69,104,15,29,0.96,66
2015-09-18,«·∂»Œ€»æ,116,342,81,122,14,36,0.96,53
2015-09-19,«·∂»Œ€»æ,102,305,72,122,23,41,1.88,18
2015-09-20,¡º,55,154,19,59,14,21,0.53,71
2015-09-21,¡º,68,210,39,83,24,26,0.68,75
2015-09-22,«·∂»Œ€»æ,123,348,92,126,15,19,0.91,79
2015-09-23,«·∂»Œ€»æ,118,348,88,125,9,26,1.02,53
2015-09-24,÷–∂»Œ€»æ,155,352,116,148,10,26,0.94,62
2015-09-25,”≈,48,146,24,42,5,20,0.58,53
2015-09-26,¡º,68,259,38,81,16,35,0.78,41
2015-09-27,¡º,87,312,61,110,27,33,0.99,69
2015-09-28,¡º,56,191,39,46,10,18,0.93,46
2015-09-29,”≈,44,126,26,44,14,27,1.34,10
2015-09-30,¡º,61,245,43,59,15,31,1.65,5
2015-10-01,”≈,42,92,19,31,5,17,0.57,35
2015-10-02,¡º,71,209,36,90,14,25,0.71,37
2015-10-03,¡º,62,155,22,73,11,22,0.55,39
2015-10-04,«·∂»Œ€»æ,101,295,68,129,20,32,0.90,65
2015-10-05,÷ÿ∂»Œ€»æ,222,358,175,255,24,34,1.14,70
2015-10-06,«·∂»Œ€»æ,137,335,102,162,14,30,0.84,60
2015-10-07,«·∂»Œ€»æ,124,343,91,133,14,29,0.84,47
2015-10-08,¡º,51,202,15,52,5,15,0.45,31
2015-10-09,¡º,61,225,28,72,10,20,0.64,27
2015-10-10,”≈,36,86,8,35,4,11,0.43,30
2015-10-11,”≈,46,139,15,48,6,19,0.52,31
2015-10-12,¡º,53,115,24,59,9,28,0.63,26
2015-10-13,¡º,90,238,57,118,19,42,0.93,28
2015-10-14,«·∂»Œ€»æ,147,326,110,176,28,63,1.23,33
2015-10-15,«·∂»Œ€»æ,118,261,89,137,24,69,1.47,66
2015-10-16,÷–∂»Œ€»æ,171,325,130,175,31,64,1.64,83
2015-10-17,÷ÿ∂»Œ€»æ,215,355,165,232,43,63,1.82,87
2015-10-18,«·∂»Œ€»æ,105,278,73,104,18,30,1.10,35
2015-10-19,¡º,69,114,40,88,22,53,1.33,26
2015-10-20,¡º,73,126,44,85,18,49,1.60,23
2015-10-21,¡º,57,79,33,60,21,41,1.44,21
2015-10-22,”≈,44,44,30,40,17,54,2.15,7
2015-10-23,¡º,63,98,45,56,13,51,1.73,19
2015-10-24,¡º,71,142,36,82,11,42,1.23,27
2015-10-25,¡º,58,134,18,67,12,46,0.73,22
2015-10-26,¡º,54,107,37,55,10,43,1.12,21
2015-10-27,¡º,63,222,21,77,11,41,0.81,32
2015-10-28,¡º,53,121,26,61,14,43,1.03,24
2015-10-29,”≈,45,95,17,49,8,36,0.65,34
2015-10-30,”≈,50,133,20,57,11,42,0.83,27
2015-10-31,«·∂»Œ€»æ,103,322,72,131,34,72,1.64,17
2015-11-01,÷–∂»Œ€»æ,188,360,141,208,55,83,2.19,18
2015-11-02,÷–∂»Œ€»æ,162,334,123,196,42,87,2.18,15
2015-11-03,«·∂»Œ€»æ,147,322,110,161,49,72,1.72,47
2015-11-04,÷–∂»Œ€»æ,157,334,119,178,48,86,1.81,49
2015-11-05,«·∂»Œ€»æ,130,310,84,147,28,59,1.72,18
2015-11-06,”≈,34,62,16,30,10,27,1.06,31
2015-11-07,”≈,33,47,22,28,7,28,0.99,31
2015-11-08,¡º,89,272,66,86,11,41,1.42,24
2015-11-09,«·∂»Œ€»æ,116,300,87,116,15,42,1.77,21
2015-11-10,«·∂»Œ€»æ,127,311,96,131,16,44,1.53,24
2015-11-11,«·∂»Œ€»æ,130,294,98,144,28,61,2.41,6
2015-11-12,÷–∂»Œ€»æ,158,318,120,186,45,75,3.58,4
2015-11-13,÷–∂»Œ€»æ,159,331,121,170,38,70,3.37,9
2015-11-14,÷–∂»Œ€»æ,188,346,141,186,46,66,3.17,19
2015-11-15,÷–∂»Œ€»æ,182,351,139,188,38,56,2.39,21
2015-11-16,¡º,52,122,25,60,30,39,1.09,23
2015-11-17,¡º,88,314,60,116,39,53,1.53,9
2015-11-18,”≈,49,160,29,53,24,44,1.02,15
2015-11-19,¡º,72,273,52,80,24,52,1.23,5
2015-11-20,¡º,51,91,35,44,11,35,1.03,12
2015-11-21,¡º,51,120,35,45,18,30,1.26,21
2015-11-22,”≈,46,149,31,38,31,34,1.55,27
2015-11-23,”≈,40,122,27,37,32,35,1.59,29
2015-11-24,”≈,49,226,31,50,48,49,1.96,20
2015-11-25,¡º,86,316,60,87,39,43,2.14,20
2015-11-26,”≈,43,113,21,43,19,33,0.94,39
2015-11-27,«·∂»Œ€»æ,144,346,109,149,58,72,2.05,18
2015-11-28,÷–∂»Œ€»æ,195,340,148,212,70,87,3.03,6
2015-11-29,÷ÿ∂»Œ€»æ,238,340,190,276,70,91,3.82,12
2015-11-30,—œ÷ÿŒ€»æ,353,357,295,408,79,116,5.37,17
2015-12-01,÷ÿ∂»Œ€»æ,228,341,180,258,60,72,3.83,2
2015-12-02,÷–∂»Œ€»æ,174,357,133,195,43,51,3.20,20
2015-12-03,”≈,30,30,12,29,16,21,0.84,32
2015-12-04,”≈,47,109,27,54,29,39,1.11,22
2015-12-05,¡º,98,263,66,125,55,58,2.30,6
2015-12-06,¡º,82,223,59,101,66,51,1.62,14
2015-12-07,¡º,85,180,62,102,40,51,1.77,3
2015-12-08,÷ÿ∂»Œ€»æ,207,321,162,247,58,65,3.47,2
2015-12-09,—œ÷ÿŒ€»æ,281,343,230,318,60,72,4.14,2
2015-12-10,÷–∂»Œ€»æ,199,310,161,225,38,52,3.71,20
2015-12-11,¡º,65,155,41,73,43,45,1.91,11
2015-12-12,«·∂»Œ€»æ,106,246,79,125,51,69,1.23,12
2015-12-13,«·∂»Œ€»æ,146,296,110,161,57,75,1.49,5
2015-12-14,÷ÿ∂»Œ€»æ,238,340,195,260,45,79,1.86,6
2015-12-15,¡º,94,261,67,92,18,39,1.20,22
2015-12-16,”≈,25,9,11,23,14,21,0.49,25
2015-12-17,¡º,51,125,32,58,32,40,0.82,14
2015-12-18,«·∂»Œ€»æ,110,294,81,133,49,62,1.40,13
2015-12-19,¡º,81,180,59,88,32,68,1.24,7
2015-12-20,÷–∂»Œ€»æ,194,307,152,210,75,95,1.88,5
2015-12-21,—œ÷ÿŒ€»æ,392,357,337,459,90,142,3.44,3
2015-12-22,—œ÷ÿŒ€»æ,354,349,305,389,51,114,3.17,2
2015-12-23,—œ÷ÿŒ€»æ,343,339,292,380,60,110,3.26,5
2015-12-24,—œ÷ÿŒ€»æ,289,324,238,300,47,95,2.81,6
2015-12-25,—œ÷ÿŒ€»æ,254,335,204,262,33,89,3.44,7
2015-12-26,«·∂»Œ€»æ,135,270,101,151,22,55,2.08,18
2015-12-27,”≈,37,43,22,38,23,35,0.71,22
2015-12-28,«·∂»Œ€»æ,150,310,113,169,56,64,1.65,7
2015-12-29,÷ÿ∂»Œ€»æ,241,344,190,273,52,73,1.91,5
2015-12-30,÷–∂»Œ€»æ,185,282,149,231,34,72,1.83,14
2015-12-31,÷–∂»Œ€»æ,176,276,135,195,52,91,1.94,7
2016-01-01,÷ÿ∂»Œ€»æ,219,340,171,235,62,77,1.70,6
2016-01-02,—œ÷ÿŒ€»æ,389,361,331,471,62,137,3.43,3
2016-01-03,«·∂»Œ€»æ,129,188,96,116,34,53,1.30,12
2016-01-04,«·∂»Œ€»æ,141,229,106,149,36,64,1.56,12
2016-01-05,¡º,53,115,33,61,25,43,0.87,25
2016-01-06,¡º,74,196,48,84,33,53,1.10,19
2016-01-07,”≈,47,85,23,51,18,33,0.89,30
2016-01-08,”≈,50,80,31,52,22,44,1.10,26
2016-01-09,÷ÿ∂»Œ€»æ,221,329,177,255,84,94,2.89,9
2016-01-10,÷–∂»Œ€»æ,162,273,126,188,50,70,2.31,18
2016-01-11,”≈,47,112,26,50,24,43,1.16,25
2016-01-12,”≈,48,113,25,55,22,39,1.11,30
2016-01-13,«·∂»Œ€»æ,106,256,78,123,43,72,2.10,15
2016-01-14,«·∂»Œ€»æ,138,285,104,169,64,99,2.93,10
2016-01-15,÷ÿ∂»Œ€»æ,230,351,180,258,82,108,3.13,5
2016-01-16,«·∂»Œ€»æ,114,220,85,114,26,48,1.28,15
2016-01-17,¡º,82,184,60,82,27,44,1.75,23
2016-01-18,¡º,73,170,26,84,14,30,1.03,36
2016-01-19,¡º,63,109,36,78,31,55,1.43,20
2016-01-20,¡º,84,204,61,101,71,70,1.77,8
2016-01-21,¡º,74,227,53,72,25,51,1.19,9
2016-01-22,¡º,57,171,27,54,17,24,0.84,37
2016-01-23,¡º,54,164,10,67,9,13,0.71,45
2016-01-24,¡º,57,195,17,67,14,26,0.89,36
2016-01-25,¡º,74,264,45,95,28,54,1.47,26
2016-01-26,¡º,80,235,42,95,25,51,1.29,25
2016-01-27,«·∂»Œ€»æ,108,266,80,140,65,82,2.05,12
2016-01-28,«·∂»Œ€»æ,120,264,90,137,52,79,2.58,8
2016-01-29,¡º,54,137,21,58,19,33,0.80,30
2016-01-30,¡º,62,156,37,70,27,55,1.24,11
2016-01-31,¡º,62,169,38,67,18,37,1.08,33
2016-02-01,¡º,84,209,58,82,26,53,1.37,25
2016-02-02,”≈,49,61,32,53,21,51,1.21,31
2016-02-03,«·∂»Œ€»æ,149,311,112,152,60,86,2.70,22
2016-02-04,¡º,65,126,43,70,23,43,1.23,35
2016-02-05,¡º,51,91,15,56,11,18,0.69,49
2016-02-06,”≈,46,51,26,50,18,28,0.96,44
2016-02-07,«·∂»Œ€»æ,133,327,100,165,51,44,1.65,40
2016-02-08,÷–∂»Œ€»æ,183,263,147,224,77,39,1.52,32
2016-02-09,¡º,79,155,57,88,41,44,1.59,28
2016-02-10,¡º,81,204,58,93,43,55,1.73,21
2016-02-11,¡º,98,239,72,112,16,38,1.80,14
2016-02-12,÷–∂»Œ€»æ,167,312,127,177,29,44,3.06,19
2016-02-13,”≈,36,61,22,23,9,13,1.02,45
2016-02-14,”≈,31,49,9,23,6,9,0.80,57
2016-02-15,”≈,47,216,17,50,13,21,1.02,46
2016-02-16,¡º,67,307,33,80,17,33,1.32,38
2016-02-17,¡º,52,95,33,57,24,44,1.07,35
2016-02-18,¡º,68,148,38,71,20,42,1.00,35
2016-02-19,¡º,56,70,29,64,21,45,1.18,30
2016-02-20,”≈,35,11,19,35,11,24,0.70,44
2016-02-21,¡º,89,187,65,100,39,57,1.26,24
2016-02-22,«·∂»Œ€»æ,148,322,109,167,39,53,1.75,25
2016-02-23,”≈,39,55,19,38,11,23,0.70,46
2016-02-24,¡º,66,173,45,68,26,52,1.20,27
2016-02-25,¡º,59,113,31,63,26,53,1.16,23
2016-02-26,¡º,55,114,31,61,21,54,1.02,26
2016-02-27,¡º,70,179,46,82,34,54,1.55,25
2016-02-28,¡º,65,136,35,70,17,33,0.96,39
2016-02-29,”≈,42,36,24,42,19,34,0.96,40
2016-03-01,«·∂»Œ€»æ,128,339,95,135,64,70,1.91,24
2016-03-02,÷ÿ∂»Œ€»æ,220,359,169,219,51,80,2.01,35
2016-03-03,—œ÷ÿŒ€»æ,265,362,214,267,55,93,2.15,33
2016-03-04,÷–∂»Œ€»æ,187,307,144,163,20,51,1.66,43
2016-03-05,÷ÿ∂»Œ€»æ,241,337,87,346,15,45,1.31,38
2016-03-06,÷ÿ∂»Œ€»æ,231,338,112,369,63,84,1.99,16
2016-03-07,«·∂»Œ€»æ,102,221,53,152,24,42,1.81,39
2016-03-08,¡º,52,130,19,57,13,29,1.05,42
2016-03-09,”≈,43,164,22,46,15,35,1.07,36
2016-03-10,¡º,58,248,24,67,14,36,0.95,39
2016-03-11,¡º,74,238,43,94,26,57,1.31,28
2016-03-12,«·∂»Œ€»æ,109,298,79,141,52,66,1.45,29
2016-03-13,¡º,93,249,60,111,23,47,1.40,36
2016-03-14,«·∂»Œ€»æ,118,310,86,142,37,62,1.84,32
2016-03-15,«·∂»Œ€»æ,136,311,102,158,38,51,1.64,50
2016-03-16,÷ÿ∂»Œ€»æ,212,346,165,191,36,61,1.95,40
2016-03-17,÷–∂»Œ€»æ,184,321,138,164,38,60,1.76,34
2016-03-18,÷ÿ∂»Œ€»æ,233,349,183,234,35,72,2.34,37
2016-03-19,¡º,88,173,55,84,15,30,1.16,35
2016-03-20,¡º,71,118,48,85,20,54,1.39,25
2016-03-21,«·∂»Œ€»æ,107,285,77,122,30,58,1.85,29
2016-03-22,«·∂»Œ€»æ,140,342,91,176,24,53,1.72,21
2016-03-23,¡º,59,197,32,68,14,38,1.25,25
2016-03-24,¡º,56,194,29,65,18,37,1.33,24
2016-03-25,¡º,67,223,44,80,24,46,1.58,24
2016-03-26,¡º,69,181,43,73,17,44,1.20,30
2016-03-27,¡º,72,173,42,89,19,41,1.26,32
2016-03-28,«·∂»Œ€»æ,108,314,68,160,33,49,1.58,36
2016-03-29,¡º,74,145,22,98,13,30,0.74,72
2016-03-30,«·∂»Œ€»æ,111,299,67,161,38,70,1.69,50
2016-03-31,÷–∂»Œ€»æ,171,347,103,245,30,52,1.42,93
2016-04-01,«·∂»Œ€»æ,105,264,48,155,16,34,1.02,76
2016-04-02,¡º,52,64,17,58,13,28,0.90,68
2016-04-03,¡º,79,307,30,106,23,44,1.24,56
2016-04-04,¡º,95,334,67,126,26,48,1.59,76
2016-04-05,«·∂»Œ€»æ,133,356,100,170,34,56,1.53,76
2016-04-06,÷–∂»Œ€»æ,158,352,119,166,33,76,1.62,69
2016-04-07,«·∂»Œ€»æ,124,331,75,162,19,66,1.23,49
2016-04-08,¡º,79,247,27,107,12,33,0.94,76
2016-04-09,÷–∂»Œ€»æ,189,346,79,275,25,46,1.38,60
2016-04-10,¡º,98,289,35,144,19,31,1.20,67
2016-04-11,¡º,68,182,34,84,17,42,0.99,56
2016-04-12,«·∂»Œ€»æ,133,326,99,145,22,79,1.67,29
2016-04-13,—œ÷ÿŒ€»æ,274,364,223,288,29,89,2.12,50
2016-04-14,¡º,76,180,41,92,13,40,0.84,57
2016-04-15,«·∂»Œ€»æ,126,339,94,157,28,74,1.64,55
2016-04-16,¡º,81,308,51,89,11,31,0.90,58
2016-04-17,¡º,51,141,20,53,5,29,0.54,64
2016-04-18,”≈,49,112,19,54,4,24,0.41,63
2016-04-19,¡º,74,259,51,92,21,55,1.03,42
2016-04-20,«·∂»Œ€»æ,121,334,91,137,28,52,1.90,54
2016-04-21,«·∂»Œ€»æ,137,329,92,132,17,38,0.72,55
2016-04-22,«·∂»Œ€»æ,108,294,35,164,5,25,0.30,58
2016-04-23,¡º,66,213,28,80,14,35,0.62,35
2016-04-24,¡º,90,287,48,129,15,31,0.53,56
2016-04-25,¡º,88,272,60,116,14,24,0.55,81
2016-04-26,¡º,79,264,52,103,17,30,0.58,68
2016-04-27,¡º,87,300,63,100,17,38,0.69,55
2016-04-28,¡º,88,291,59,94,12,33,0.60,62
2016-04-29,«·∂»Œ€»æ,115,316,78,132,13,29,0.63,75
2016-04-30,¡º,100,287,73,111,14,19,0.63,78
2016-05-01,«·∂»Œ€»æ,119,323,80,132,14,26,0.72,71
2016-05-02,¡º,80,273,40,109,9,20,0.61,70
2016-05-03,¡º,57,135,25,64,5,29,0.60,67
2016-05-04,¡º,65,150,33,75,14,52,0.89,64
2016-05-05,¡º,74,229,48,85,18,50,1.11,68
2016-05-06,«·∂»Œ€»æ,149,330,68,219,8,31,0.66,70
2016-05-07,¡º,58,166,28,66,12,42,0.69,62
2016-05-08,¡º,78,314,48,87,25,43,1.09,82
2016-05-09,¡º,78,297,55,92,20,45,1.09,69
2016-05-10,¡º,71,228,44,76,12,47,0.86,77
2016-05-11,«·∂»Œ€»æ,127,324,95,137,17,33,1.13,114
2016-05-12,¡º,54,43,31,54,7,32,0.60,65
2016-05-13,¡º,70,221,47,72,17,45,0.95,67
2016-05-14,¡º,67,229,48,53,8,43,1.04,56
2016-05-15,¡º,75,345,49,51,5,39,0.87,44
2016-05-16,¡º,67,210,37,75,17,43,0.93,71
2016-05-17,¡º,91,321,54,106,21,40,1.06,105
2016-05-18,«·∂»Œ€»æ,101,308,59,106,25,43,1.01,137
2016-05-19,«·∂»Œ€»æ,127,344,77,110,27,51,1.10,149
2016-05-20,¡º,81,258,51,79,26,48,1.03,107
2016-05-21,¡º,92,319,60,80,26,55,1.00,95
2016-05-22,¡º,80,290,50,94,28,57,1.43,91
2016-05-23,¡º,88,325,62,110,36,76,1.81,61
2016-05-24,¡º,61,161,30,48,10,26,0.74,97
2016-05-25,¡º,62,194,23,61,9,33,0.61,89
2016-05-26,¡º,81,309,45,90,14,47,0.79,69
2016-05-27,¡º,88,316,54,123,28,51,1.17,100
2016-05-28,¡º,85,304,54,82,21,33,1.11,104
2016-05-29,«·∂»Œ€»æ,113,353,74,112,16,33,1.24,86
2016-05-30,«·∂»Œ€»æ,125,352,81,134,21,34,1.45,133
2016-05-31,¡º,80,243,36,108,10,28,0.80,73
2016-06-01,¡º,63,240,32,63,21,45,1.30,69
2016-06-02,¡º,93,339,47,84,26,61,1.23,99
2016-06-03,¡º,91,324,62,112,34,54,1.18,116
2016-06-04,«·∂»Œ€»æ,126,360,85,121,26,34,1.23,117
2016-06-05,¡º,68,232,37,62,23,30,0.91,97
2016-06-06,«·∂»Œ€»æ,111,350,82,107,14,38,1.17,110
2016-06-07,¡º,94,325,68,102,11,41,1.62,60
2016-06-08,«·∂»Œ€»æ,117,344,85,110,13,43,1.49,118
2016-06-09,«·∂»Œ€»æ,130,352,89,131,15,34,1.20,144
2016-06-10,«·∂»Œ€»æ,111,359,72,122,10,25,1.08,137
2016-06-11,”≈,50,169,16,35,4,22,0.58,84
2016-06-12,¡º,80,320,40,64,11,27,0.94,120
2016-06-13,¡º,60,193,36,60,14,40,1.24,67
2016-06-14,¡º,88,337,65,73,6,30,1.67,53
2016-06-15,¡º,56,198,25,40,5,26,0.78,95
2016-06-16,¡º,94,331,50,85,13,46,0.97,112
2016-06-17,«·∂»Œ€»æ,109,346,55,122,20,35,1.06,138
2016-06-18,¡º,58,174,31,56,4,46,1.11,91
2016-06-19,«·∂»Œ€»æ,130,361,86,115,11,55,1.39,142
2016-06-20,¡º,91,329,60,84,6,30,0.89,133
2016-06-21,«·∂»Œ€»æ,111,359,81,98,6,29,0.86,108
2016-06-22,¡º,70,285,37,58,6,29,0.74,102
2016-06-23,¡º,90,359,64,93,6,44,0.92,47
2016-06-24,”≈,40,135,17,33,4,23,0.49,66
2016-06-25,”≈,41,130,17,38,7,27,0.39,64
2016-06-26,¡º,64,236,32,65,17,30,0.69,83
2016-06-27,¡º,65,225,40,68,11,25,0.73,89
2016-06-28,¡º,57,199,39,51,5,28,0.77,62
2016-06-29,«·∂»Œ€»æ,119,356,89,96,5,28,0.95,76
2016-06-30,«·∂»Œ€»æ,104,344,76,79,4,30,0.79,55
2016-07-01,¡º,70,314,49,54,7,17,0.78,61
2016-07-02,¡º,67,265,37,57,8,22,0.71,85
2016-07-03,¡º,78,294,54,79,11,26,0.79,80
2016-07-04,¡º,83,304,61,81,7,26,0.83,70
2016-07-05,¡º,99,339,59,73,9,28,1.03,97
2016-07-06,¡º,94,322,55,89,13,39,1.11,109
2016-07-07,«·∂»Œ€»æ,102,341,65,92,8,36,1.08,104
2016-07-08,¡º,64,273,43,66,5,29,0.89,68
2016-07-09,¡º,85,334,59,89,5,34,0.96,78
2016-07-10,«·∂»Œ€»æ,104,348,77,101,6,23,1.01,87
2016-07-11,«·∂»Œ€»æ,121,357,90,115,8,27,1.02,100
2016-07-12,¡º,99,357,72,103,7,40,0.91,56
2016-07-13,¡º,73,318,36,54,10,28,1.08,98
2016-07-14,¡º,76,323,49,83,18,48,1.07,90
2016-07-15,¡º,55,261,37,44,6,28,0.72,71
2016-07-16,¡º,83,338,46,67,12,33,0.95,99
2016-07-17,¡º,81,296,46,58,8,27,0.95,102
2016-07-18,¡º,61,217,36,62,9,35,0.76,77
2016-07-19,¡º,92,343,68,68,5,19,0.82,76
2016-07-20,”≈,34,88,20,26,2,10,0.61,52
2016-07-21,¡º,60,280,42,50,3,24,0.82,46
2016-07-22,¡º,86,340,62,80,4,32,0.88,75
2016-07-23,«·∂»Œ€»æ,101,352,74,88,5,37,0.88,58
2016-07-24,¡º,81,311,57,71,5,37,0.76,55
2016-07-25,¡º,87,336,64,73,4,36,0.89,36
2016-07-26,”≈,46,103,27,39,4,16,0.89,72
2016-07-27,¡º,70,259,49,72,5,18,0.82,76
2016-07-28,¡º,89,318,61,97,5,20,0.83,118
2016-07-29,¡º,98,331,72,107,4,20,0.92,94
2016-07-30,«·∂»Œ€»æ,106,344,76,93,3,17,0.87,69
2016-07-31,¡º,53,174,34,49,3,17,0.88,77
2016-08-01,¡º,67,287,47,65,7,20,1.13,64
2016-08-02,¡º,62,283,39,55,6,22,1.00,68
2016-08-03,¡º,87,341,51,76,10,32,1.64,104
2016-08-04,¡º,53,228,32,49,7,22,0.79,76
2016-08-05,”≈,49,195,30,50,6,27,0.60,62
2016-08-06,¡º,78,325,56,83,7,30,0.80,77
2016-08-07,¡º,57,277,36,45,5,18,0.95,71
2016-08-08,”≈,42,135,21,37,9,22,0.87,67
2016-08-09,¡º,71,310,48,75,7,38,0.93,60
2016-08-10,«·∂»Œ€»æ,114,361,85,103,5,29,0.87,80
2016-08-11,¡º,73,318,52,82,6,26,0.78,72
2016-08-12,¡º,68,299,46,62,4,28,0.86,59
2016-08-13,¡º,56,243,35,52,4,43,0.80,40
2016-08-14,¡º,70,313,41,87,9,53,1.17,59
2016-08-15,¡º,57,266,39,52,5,38,0.89,52
2016-08-16,¡º,65,289,32,54,7,42,0.75,82
2016-08-17,¡º,68,261,42,78,14,53,0.92,69
2016-08-18,«·∂»Œ€»æ,116,364,87,98,9,47,1.34,42
2016-08-19,”≈,40,111,26,33,6,28,1.41,48
2016-08-20,¡º,60,253,31,51,10,37,1.16,76
2016-08-21,«·∂»Œ€»æ,107,362,57,89,13,46,1.07,105
2016-08-22,¡º,77,306,38,75,20,45,1.10,83
2016-08-23,¡º,68,237,43,77,17,35,0.87,78
2016-08-24,¡º,88,311,65,85,6,26,0.89,52
2016-08-25,¡º,51,148,29,49,6,14,0.48,21
2016-08-26,”≈,40,106,18,42,9,17,0.40,19
2016-08-27,”≈,49,156,23,54,6,18,0.39,24
2016-08-28,”≈,44,86,16,46,6,19,0.54,23
2016-08-29,¡º,57,136,29,65,11,22,0.60,44
2016-08-30,¡º,65,200,37,76,11,23,0.62,69
2016-08-31,¡º,63,163,37,70,6,23,0.55,52
2016-09-01,”≈,39,93,10,38,5,17,0.36,35
2016-09-02,”≈,47,107,17,49,14,30,0.58,39
2016-09-03,¡º,59,154,27,60,15,29,0.76,66
2016-09-04,¡º,54,104,28,48,16,18,0.88,77
2016-09-05,¡º,56,147,26,53,10,29,0.93,85
2016-09-06,¡º,86,299,48,81,15,40,1.24,98
2016-09-07,”≈,50,143,22,35,8,29,0.92,93
2016-09-08,¡º,59,169,25,50,8,45,0.96,84
2016-09-09,¡º,92,292,52,98,16,65,1.31,86
2016-09-10,«·∂»Œ€»æ,110,360,81,130,17,57,1.97,80
2016-09-11,¡º,55,193,35,43,8,27,1.38,80
2016-09-12,¡º,64,223,42,64,13,43,2.05,58
2016-09-13,¡º,91,327,62,80,11,45,1.54,80
2016-09-14,«·∂»Œ€»æ,128,356,95,127,13,46,1.52,101
2016-09-15,÷–∂»Œ€»æ,162,362,122,147,11,39,1.54,108
2016-09-16,÷–∂»Œ€»æ,170,363,128,157,11,27,1.56,124
2016-09-17,¡º,65,264,41,57,10,28,1.44,50
2016-09-18,”≈,41,112,25,40,11,32,1.53,17
2016-09-19,”≈,45,100,21,44,9,38,1.05,35
2016-09-20,¡º,57,180,32,62,14,55,1.02,52
2016-09-21,¡º,69,214,38,69,26,44,1.15,78
2016-09-22,¡º,100,320,71,127,26,46,1.21,103
2016-09-23,«·∂»Œ€»æ,118,352,88,148,16,50,1.27,102
2016-09-24,«·∂»Œ€»æ,124,346,92,143,14,59,1.41,88
2016-09-25,«·∂»Œ€»æ,118,333,86,126,16,43,1.50,90
2016-09-26,«·∂»Œ€»æ,107,330,79,106,9,50,1.86,41
2016-09-27,¡º,71,266,44,68,6,34,1.15,32
2016-09-28,”≈,42,158,19,44,14,36,0.94,41
2016-09-29,¡º,74,317,52,84,24,65,1.44,54
2016-09-30,¡º,85,307,61,96,34,62,1.31,77
2016-10-01,«·∂»Œ€»æ,146,349,111,153,35,73,1.48,79
2016-10-02,«·∂»Œ€»æ,138,341,103,128,20,65,1.60,56
2016-10-03,«·∂»Œ€»æ,144,347,108,129,19,49,1.58,62
2016-10-04,¡º,53,146,29,51,7,24,1.11,53
2016-10-05,¡º,54,136,37,45,13,42,1.67,32
2016-10-06,”≈,43,77,27,42,8,31,1.01,46
2016-10-07,”≈,49,144,33,44,8,41,1.37,23
2016-10-08,”≈,39,113,21,38,5,30,0.81,39
2016-10-09,¡º,61,243,37,69,21,60,1.47,18
2016-10-10,«·∂»Œ€»æ,104,351,77,111,30,66,1.56,30
2016-10-11,¡º,93,332,66,99,16,55,1.27,24
2016-10-12,¡º,61,204,41,63,15,59,1.18,34
2016-10-13,÷ÿ∂»Œ€»æ,223,364,178,217,29,93,2.01,30
2016-10-14,¡º,70,240,46,69,13,32,0.70,54
2016-10-15,«·∂»Œ€»æ,126,356,94,122,27,64,1.22,26
2016-10-16,¡º,82,297,59,61,9,31,1.08,35
2016-10-17,«·∂»Œ€»æ,110,341,80,103,14,43,1.42,34
2016-10-18,«·∂»Œ€»æ,134,339,98,123,21,55,1.42,41
2016-10-19,÷ÿ∂»Œ€»æ,210,361,163,179,16,67,1.71,58
2016-10-20,¡º,84,281,49,78,9,34,0.85,46
2016-10-21,¡º,63,277,43,70,22,49,1.93,15
2016-10-22,”≈,48,223,31,38,12,37,1.79,24
2016-10-23,¡º,55,275,32,60,19,47,1.34,24
2016-10-24,«·∂»Œ€»æ,115,357,86,124,32,78,2.21,14
2016-10-25,÷–∂»Œ€»æ,155,362,117,133,33,72,2.41,10
2016-10-26,¡º,93,331,57,88,12,46,1.48,17
2016-10-27,¡º,68,296,42,73,15,59,2.18,9
2016-10-28,”≈,34,78,18,26,5,31,0.88,33
2016-10-29,¡º,56,254,32,62,15,54,1.22,21
2016-10-30,¡º,90,338,64,98,21,49,1.39,24
2016-10-31,”≈,36,72,13,35,5,24,0.82,43
2016-11-01,¡º,96,331,70,102,25,63,1.52,25
2016-11-02,«·∂»Œ€»æ,137,343,103,136,35,72,1.74,19
2016-11-03,÷ÿ∂»Œ€»æ,219,355,169,204,21,68,2.26,11
2016-11-04,÷ÿ∂»Œ€»æ,227,350,176,224,14,75,2.68,5
2016-11-05,«·∂»Œ€»æ,135,278,101,142,9,60,2.37,34
2016-11-06,¡º,63,76,42,63,12,42,0.99,36
2016-11-07,¡º,88,216,64,93,12,63,1.53,15
2016-11-08,¡º,71,250,50,79,20,59,1.56,17
2016-11-09,«·∂»Œ€»æ,122,347,92,109,32,65,1.65,25
2016-11-10,÷ÿ∂»Œ€»æ,220,352,173,220,21,71,2.15,8
2016-11-11,÷ÿ∂»Œ€»æ,201,356,154,209,32,81,3.16,10
2016-11-12,¡º,92,246,64,113,30,58,2.49,16
2016-11-13,÷–∂»Œ€»æ,156,307,120,174,20,72,1.98,12
2016-11-14,«·∂»Œ€»æ,135,280,95,141,14,57,1.92,25
2016-11-15,¡º,60,104,28,68,18,46,1.16,30
2016-11-16,÷–∂»Œ€»æ,178,345,136,205,46,87,2.45,6
2016-11-17,«·∂»Œ€»æ,117,269,87,116,18,54,1.70,12
2016-11-18,÷ÿ∂»Œ€»æ,210,331,160,235,22,75,2.96,5
2016-11-19,÷–∂»Œ€»æ,169,339,128,159,16,58,2.77,19
2016-11-20,¡º,55,125,38,49,10,35,1.16,27
2016-11-21,”≈,34,37,22,21,9,26,1.13,41
2016-11-22,”≈,36,125,13,32,8,28,0.80,46
2016-11-23,¡º,79,321,56,84,28,56,1.41,23
2016-11-24,÷–∂»Œ€»æ,171,357,130,177,51,77,2.50,12
2016-11-25,÷ÿ∂»Œ€»æ,209,352,161,181,45,75,2.06,10
2016-11-26,—œ÷ÿŒ€»æ,253,362,194,279,56,91,2.67,9
2016-11-27,«·∂»Œ€»æ,113,259,78,157,26,56,1.68,29
2016-11-28,«·∂»Œ€»æ,117,284,87,124,49,76,2.13,17
2016-11-29,÷–∂»Œ€»æ,164,327,124,175,47,99,2.99,9
2016-11-30,—œ÷ÿŒ€»æ,306,365,264,325,41,108,3.18,15
2016-12-01,¡º,65,122,42,67,19,56,1.30,34
2016-12-02,÷–∂»Œ€»æ,154,297,119,153,67,94,2.14,16
2016-12-03,—œ÷ÿŒ€»æ,286,360,235,272,37,93,2.47,14
2016-12-04,—œ÷ÿŒ€»æ,323,360,276,336,22,101,3.93,8
2016-12-05,¡º,56,69,33,47,22,48,1.44,29
2016-12-06,÷–∂»Œ€»æ,153,344,115,155,31,75,2.10,14
2016-12-07,÷–∂»Œ€»æ,177,331,140,177,31,82,2.50,14
2016-12-08,«·∂»Œ€»æ,138,239,98,132,36,67,1.62,28
2016-12-09,”≈,43,24,27,45,18,56,1.05,29
2016-12-10,«·∂»Œ€»æ,136,298,103,142,41,94,2.21,14
2016-12-11,÷ÿ∂»Œ€»æ,216,353,169,199,73,111,2.57,9
2016-12-12,—œ÷ÿŒ€»æ,282,358,232,266,55,111,3.11,6
2016-12-13,¡º,92,232,68,71,36,71,2.14,11
2016-12-14,¡º,59,164,38,60,29,64,1.60,22
2016-12-15,¡º,90,221,59,90,26,61,1.46,27
2016-12-16,÷–∂»Œ€»æ,152,302,114,152,42,79,1.94,16
2016-12-17,÷ÿ∂»Œ€»æ,237,353,186,204,33,86,2.17,16
2016-12-18,—œ÷ÿŒ€»æ,338,349,288,330,43,119,4.76,9
2016-12-19,—œ÷ÿŒ€»æ,294,324,243,287,18,128,6.56,8
2016-12-20,—œ÷ÿŒ€»æ,289,317,238,285,20,130,6.22,9
2016-12-21,—œ÷ÿŒ€»æ,307,355,256,347,27,128,8.30,6
2016-12-22,÷–∂»Œ€»æ,198,352,154,200,19,94,6.38,14
2016-12-23,”≈,43,38,26,42,14,48,0.88,35
2016-12-24,¡º,85,181,62,82,57,79,1.55,15
2016-12-25,÷–∂»Œ€»æ,168,346,128,154,75,88,2.17,4
2016-12-26,÷–∂»Œ€»æ,153,354,120,114,27,74,2.48,11
2016-12-27,«·∂»Œ€»æ,108,317,80,85,24,69,1.93,17
2016-12-28,«·∂»Œ€»æ,102,276,75,90,21,62,1.47,21
2016-12-29,¡º,79,178,57,76,17,58,1.27,28
2016-12-30,÷ÿ∂»Œ€»æ,229,340,178,206,39,83,2.57,9
2016-12-31,—œ÷ÿŒ€»æ,323,351,272,309,29,95,3.78,6
2017-01-01,÷ÿ∂»Œ€»æ,239,313,188,237,26,79,3.70,6
2017-01-02,—œ÷ÿŒ€»æ,335,355,284,329,30,134,6.25,13
2017-01-03,—œ÷ÿŒ€»æ,319,352,268,315,27,113,6.07,7
2017-01-04,—œ÷ÿŒ€»æ,290,345,239,277,23,130,7.82,6
2017-01-05,«·∂»Œ€»æ,136,242,103,63,29,70,2.21,16
2017-01-06,«·∂»Œ€»æ,134,280,101,117,38,92,1.99,7
2017-01-07,÷ÿ∂»Œ€»æ,230,335,180,191,40,99,3.03,7
2017-01-08,÷–∂»Œ€»æ,175,322,133,120,25,71,2.91,18
2017-01-09,¡º,56,111,39,51,16,47,1.17,35
2017-01-10,¡º,75,188,50,72,16,50,1.23,36
2017-01-11,÷–∂»Œ€»æ,172,329,134,170,46,91,2.45,13
2017-01-12,÷–∂»Œ€»æ,185,328,147,177,43,101,2.96,13
2017-01-13,”≈,49,109,26,46,9,34,0.81,50
2017-01-14,”≈,40,57,17,40,14,40,0.96,37
2017-01-15,”≈,44,86,28,42,25,50,0.91,26
2017-01-16,¡º,86,209,63,83,25,68,1.75,9
2017-01-17,÷–∂»Œ€»æ,163,302,124,152,38,73,2.96,5
2017-01-18,÷–∂»Œ€»æ,158,288,121,147,37,80,2.94,14
2017-01-19,¡º,98,184,59,101,23,47,1.51,36
2017-01-20,”≈,40,49,21,33,13,35,0.92,51
2017-01-21,¡º,68,138,37,72,18,41,1.16,41
2017-01-22,”≈,43,33,27,43,13,40,1.06,41
2017-01-23,¡º,74,151,54,72,41,72,1.82,19
2017-01-24,«·∂»Œ€»æ,118,245,89,107,34,81,2.84,19
2017-01-25,÷ÿ∂»Œ€»æ,243,322,199,219,68,94,2.89,18
2017-01-26,—œ÷ÿŒ€»æ,274,331,230,221,36,74,2.90,26
2017-01-27,¡º,78,132,51,80,29,31,1.02,61
2017-01-28,÷ÿ∂»Œ€»æ,232,304,185,237,89,59,2.18,21
2017-01-29,«·∂»Œ€»æ,122,275,77,130,17,28,1.51,51
2017-01-30,”≈,38,30,17,22,9,21,0.78,65
2017-01-31,¡º,88,273,65,80,31,41,1.58,52
2017-02-01,¡º,60,149,40,58,22,30,1.16,56
2017-02-02,«·∂»Œ€»æ,104,253,77,100,35,53,1.58,44
2017-02-03,÷ÿ∂»Œ€»æ,204,333,157,177,33,65,2.06,48
2017-02-04,÷ÿ∂»Œ€»æ,234,338,184,194,20,50,1.87,34
2017-02-05,¡º,99,208,69,104,12,37,1.15,54
2017-02-06,”≈,38,30,19,36,15,36,0.98,53
2017-02-07,¡º,62,174,44,58,37,63,1.23,27
2017-02-08,¡º,81,282,48,80,15,41,1.18,52
2017-02-09,”≈,44,81,11,40,5,18,0.62,74
2017-02-10,”≈,40,26,13,38,7,25,0.67,67
2017-02-11,¡º,83,223,59,92,36,54,1.19,43
2017-02-12,÷ÿ∂»Œ€»æ,217,353,169,229,71,105,2.47,21
2017-02-13,÷ÿ∂»Œ€»æ,233,357,187,235,42,102,2.98,25
2017-02-14,«·∂»Œ€»æ,134,259,101,130,26,89,1.99,24
2017-02-15,—œ÷ÿŒ€»æ,274,355,225,293,43,125,3.13,18
2017-02-16,÷ÿ∂»Œ€»æ,229,350,164,269,34,92,2.82,22
2017-02-17,¡º,54,79,30,58,13,47,1.05,50
2017-02-18,«·∂»Œ€»æ,125,296,94,139,45,83,1.71,33
2017-02-19,÷–∂»Œ€»æ,175,315,128,197,33,72,1.87,38
2017-02-20,¡º,51,59,14,50,7,29,0.75,70
2017-02-21,¡º,74,271,52,84,39,79,1.57,18
2017-02-22,«·∂»Œ€»æ,138,337,103,124,26,66,2.12,41
2017-02-23,”≈,47,115,27,48,17,44,1.12,58
2017-02-24,¡º,84,250,58,92,28,65,1.61,41
2017-02-25,¡º,59,144,36,65,22,66,1.29,38
2017-02-26,¡º,73,184,51,85,30,71,1.90,31
2017-02-27,«·∂»Œ€»æ,115,305,86,130,43,86,1.94,34
2017-02-28,«·∂»Œ€»æ,101,253,69,123,33,77,1.91,36
2017-03-01,¡º,69,129,38,80,22,48,1.36,54
2017-03-02,¡º,64,129,31,78,22,54,1.27,47
2017-03-03,¡º,92,289,65,128,31,66,1.59,38
2017-03-04,«·∂»Œ€»æ,121,294,91,135,33,81,1.92,39
2017-03-05,¡º,83,225,54,86,21,49,1.48,49
2017-03-06,¡º,60,171,32,69,20,49,1.30,48
2017-03-07,”≈,46,86,18,46,15,33,1.00,61
2017-03-08,¡º,56,142,25,62,18,48,1.17,53
2017-03-09,¡º,62,117,34,71,22,59,1.20,48
2017-03-10,«·∂»Œ€»æ,103,286,76,126,41,84,1.67,40
2017-03-11,«·∂»Œ€»æ,119,293,89,139,45,89,1.60,40
2017-03-12,¡º,56,136,22,61,16,38,0.96,65
2017-03-13,¡º,68,287,38,83,26,67,1.36,38
2017-03-14,¡º,90,324,62,110,37,74,1.75,37
2017-03-15,¡º,89,311,64,104,44,77,1.48,49
2017-03-16,«·∂»Œ€»æ,119,344,89,139,38,81,1.52,58
2017-03-17,«·∂»Œ€»æ,127,328,95,144,31,76,1.46,58
2017-03-18,÷ÿ∂»Œ€»æ,222,365,171,238,44,112,2.76,55
2017-03-19,÷–∂»Œ€»æ,200,359,153,184,43,91,2.09,75
2017-03-20,«·∂»Œ€»æ,113,329,74,138,32,68,1.52,51
2017-03-21,¡º,91,278,66,112,30,64,1.55,50
2017-03-22,«·∂»Œ€»æ,122,328,92,141,54,82,1.68,47
2017-03-23,«·∂»Œ€»æ,105,320,77,93,25,66,1.38,50
2017-03-24,¡º,73,230,51,75,17,50,1.15,62
2017-03-25,«·∂»Œ€»æ,107,342,80,97,18,58,1.76,41
2017-03-26,¡º,57,111,32,59,16,48,1.03,56
2017-03-27,¡º,54,45,26,57,16,51,0.93,58
2017-03-28,¡º,71,145,48,84,27,67,1.20,54
2017-03-29,«·∂»Œ€»æ,105,267,77,105,25,51,1.32,67
2017-03-30,«·∂»Œ€»æ,112,300,77,132,27,64,1.35,48
2017-03-31,¡º,74,269,48,89,21,59,1.14,55
2017-04-01,¡º,95,281,69,115,31,62,1.57,65
2017-04-02,«·∂»Œ€»æ,121,350,90,139,35,86,1.61,53
2017-04-03,÷–∂»Œ€»æ,156,358,117,160,37,82,1.68,87
2017-04-04,«·∂»Œ€»æ,120,343,90,127,43,65,1.49,74
2017-04-05,¡º,69,162,49,75,19,48,1.19,69
2017-04-06,«·∂»Œ€»æ,125,321,93,127,22,55,1.43,72
2017-04-07,¡º,85,239,59,112,22,56,1.37,65
2017-04-08,¡º,94,291,57,121,23,75,1.70,31
2017-04-09,¡º,76,328,45,99,30,68,1.54,33
2017-04-10,¡º,77,303,52,98,29,56,1.31,56
2017-04-11,¡º,75,276,41,98,22,52,1.29,52
2017-04-12,«·∂»Œ€»æ,102,331,61,146,28,63,1.51,57
2017-04-13,«·∂»Œ€»æ,109,346,75,146,30,72,1.75,45
2017-04-14,¡º,94,323,63,109,26,55,1.36,56
2017-04-15,«·∂»Œ€»æ,114,332,77,158,32,70,1.50,58
2017-04-16,«·∂»Œ€»æ,136,351,98,179,31,71,1.70,57
2017-04-17,«·∂»Œ€»æ,132,321,90,165,19,45,1.33,66
2017-04-18,¡º,90,263,30,129,12,34,0.93,79
2017-04-19,¡º,84,235,38,116,19,63,1.24,47
2017-04-20,«·∂»Œ€»æ,103,339,70,135,23,59,1.45,53
2017-04-21,¡º,72,253,38,91,19,48,1.19,68
2017-04-22,¡º,89,339,49,126,21,41,1.14,82
2017-04-23,¡º,79,263,42,107,19,43,1.10,81
2017-04-23,¡º,79,263,42,107,19,43,1.10,81
2017-04-24,¡º,91,307,62,117,28,59,1.69,69
2017-04-25,¡º,60,180,30,69,17,50,1.04,49
2017-04-26,¡º,64,243,33,77,18,53,1.03,56
2017-04-27,¡º,68,258,32,84,17,51,0.94,62
2017-04-28,¡º,72,217,38,93,19,54,1.01,66
2017-04-29,¡º,82,224,44,111,18,54,1.03,63
2017-04-30,«·∂»Œ€»æ,127,344,52,198,22,46,1.10,67
2017-05-01,¡º,87,247,38,121,24,55,1.23,61
2017-05-02,«·∂»Œ€»æ,107,319,61,144,28,65,1.43,94
2017-05-03,¡º,73,269,45,90,20,43,1.08,89
2017-05-04,—œ÷ÿŒ€»æ,337,334,204,692,13,43,0.98,66
2017-05-05,—œ÷ÿŒ€»æ,307,334,171,617,14,39,0.98,65
2017-05-06,¡º,96,204,47,140,18,40,1.04,77
2017-05-07,¡º,99,218,60,141,21,56,1.27,82
2017-05-08,«·∂»Œ€»æ,128,345,81,200,24,48,1.40,104
2017-05-09,¡º,71,243,40,81,18,34,1.06,99
2017-05-10,¡º,73,218,44,87,20,46,1.11,88
2017-05-11,«·∂»Œ€»æ,113,327,57,172,21,48,1.15,83
2017-05-12,÷–∂»Œ€»æ,169,337,59,275,17,34,0.97,91
2017-05-13,¡º,89,297,33,127,16,36,1.11,70
2017-05-14,¡º,57,115,22,66,19,39,1.12,70
2017-05-15,¡º,66,241,28,79,24,45,1.19,69
2017-05-16,¡º,73,277,38,92,21,41,1.13,95
2017-05-17,¡º,89,275,44,106,20,41,1.17,118
2017-05-18,¡º,97,262,56,121,17,43,1.17,126
2017-05-19,¡º,93,264,54,123,17,37,1.08,121
2017-05-20,«·∂»Œ€»æ,104,304,59,109,19,44,1.18,130
2017-05-20,«·∂»Œ€»æ,104,304,59,109,19,44,1.18,130
2017-05-21,¡º,71,220,47,81,16,38,1.13,81
2017-05-22,¡º,60,226,39,66,14,38,1.09,42
2017-05-23,¡º,55,220,25,56,11,37,0.82,104
2017-05-24,¡º,67,271,38,71,17,47,0.97,82
2017-05-25,¡º,69,221,22,86,14,38,0.83,68
2017-05-26,¡º,61,130,27,66,23,45,0.84,93
2017-05-27,¡º,89,223,55,112,21,59,1.24,107
2017-05-28,«·∂»Œ€»æ,102,258,64,118,20,54,1.39,113
2017-05-29,¡º,83,194,36,113,16,35,1.16,87
2017-05-30,¡º,76,203,53,84,14,49,1.69,78
2017-05-31,¡º,96,285,61,88,15,45,1.25,101
2017-06-01,¡º,67,206,40,71,20,37,1.44,93
2017-06-02,¡º,52,136,19,57,14,34,0.84,62
2017-06-03,¡º,55,156,30,59,22,45,1.44,65
2017-06-04,¡º,68,255,34,68,26,49,1.14,98
2017-06-05,¡º,79,344,47,91,27,53,1.09,96
2017-06-06,¡º,56,257,35,59,12,37,1.00,74
2017-06-07,¡º,72,270,45,70,13,39,1.08,95
2017-06-08,¡º,86,281,50,91,19,45,1.20,103
2017-06-09,¡º,81,268,38,92,17,36,1.24,106
2017-06-10,¡º,57,226,17,62,14,32,0.99,67
2017-06-11,¡º,61,235,25,70,20,51,1.12,68
2017-06-12,¡º,64,259,31,69,16,40,1.14,94
2017-06-13,¡º,62,232,41,69,18,51,1.31,86
2017-06-14,¡º,94,301,51,87,19,59,1.30,107
2017-06-15,¡º,100,283,52,103,19,39,1.14,145
2017-06-16,¡º,98,266,60,107,16,36,1.15,137
2017-06-17,¡º,86,229,50,107,16,40,1.17,125
2017-06-18,¡º,87,264,42,96,16,32,1.07,143
2017-06-19,¡º,96,325,56,107,17,37,1.21,133
2017-06-20,¡º,71,269,27,61,13,32,1.05,123
2017-06-21,¡º,69,244,34,72,15,37,1.17,102
2017-06-22,¡º,67,277,45,67,11,36,1.40,85
2017-06-23,¡º,53,190,31,53,10,27,1.01,76
2017-06-24,¡º,60,239,40,63,12,31,1.41,75
2017-06-25,¡º,87,318,49,74,12,39,1.24,97
2017-06-26,¡º,84,284,46,83,14,48,1.15,110
2017-06-27,«·∂»Œ€»æ,109,317,66,103,19,40,1.30,130
2017-06-28,«·∂»Œ€»æ,109,319,67,112,17,38,1.29,148
2017-06-29,«·∂»Œ€»æ,108,333,69,110,16,39,1.28,136
2017-06-30,«·∂»Œ€»æ,105,329,65,102,13,36,1.21,135
2017-07-01,«·∂»Œ€»æ,117,341,79,117,13,34,1.32,143
2017-07-02,¡º,64,251,38,70,17,32,1.15,91
2017-07-03,¡º,61,237,38,69,13,36,1.32,55
2017-07-04,¡º,63,226,40,69,12,42,1.32,52
2017-07-05,¡º,72,266,38,69,12,31,1.09,108
2017-07-06,¡º,96,355,70,102,11,35,1.18,68
2017-07-07,¡º,74,317,53,79,11,27,1.25,101
2017-07-08,¡º,90,329,55,105,12,35,1.25,120
2017-07-09,¡º,78,318,53,92,11,30,1.02,105
2017-07-10,¡º,79,294,29,62,13,39,1.02,123
2017-07-11,«·∂»Œ€»æ,103,320,53,111,17,46,1.28,134
2017-07-12,¡º,81,274,42,89,11,29,1.01,122
2017-07-13,¡º,71,253,42,82,12,28,1.05,112
2017-07-14,¡º,100,345,44,109,13,33,1.21,126
2017-07-15,¡º,79,330,52,96,12,30,1.33,86
2017-07-16,¡º,70,286,46,72,11,25,1.02,69
2017-07-17,¡º,54,182,31,56,12,27,1.04,68
2017-07-18,¡º,94,356,69,96,12,31,1.15,82
2017-07-19,¡º,63,265,42,65,11,28,1.03,77
2017-07-20,¡º,85,330,58,93,11,34,1.13,90
2017-07-21,¡º,51,187,27,54,11,32,1.25,52
2017-07-22,¡º,52,169,33,53,14,40,1.55,51
2017-07-23,¡º,68,247,49,71,14,42,1.28,83
2017-07-24,«·∂»Œ€»æ,111,343,83,95,13,46,1.78,88
2017-07-25,¡º,78,275,47,71,17,43,1.40,69
2017-07-26,¡º,59,169,28,66,17,52,1.33,56
2017-07-27,¡º,93,327,69,88,15,48,1.79,75
2017-07-28,¡º,99,348,71,96,20,58,2.03,59
2017-07-29,¡º,67,262,40,73,29,49,1.65,49
2017-07-30,¡º,72,247,44,74,23,42,1.42,85
2017-07-31,¡º,78,281,50,71,14,35,1.38,86
2017-08-01,¡º,57,224,37,58,14,34,1.14,50
2017-08-02,”≈,48,211,25,49,12,28,0.97,41
2017-08-03,”≈,48,173,21,46,12,24,0.98,78
2017-08-04,¡º,82,322,47,79,12,39,1.26,103
2017-08-05,¡º,66,240,38,62,12,32,1.14,91
2017-08-06,¡º,77,280,34,61,13,36,1.15,112
2017-08-07,¡º,71,267,30,68,16,40,1.21,95
2017-08-08,¡º,83,335,36,67,18,38,1.29,111
2017-08-09,¡º,60,255,27,48,13,33,1.09,111
2017-08-10,¡º,82,302,50,75,19,38,1.35,109
2017-08-11,«·∂»Œ€»æ,110,345,80,112,15,34,1.46,128
2017-08-12,¡º,76,320,51,85,14,37,1.71,86
2017-08-13,¡º,71,337,47,71,12,35,1.30,50
2017-08-14,”≈,46,182,22,45,14,31,1.18,63
2017-08-15,¡º,62,257,32,61,15,41,1.26,77
2017-08-16,¡º,65,259,40,64,14,39,1.33,69
2017-08-17,¡º,61,261,36,58,22,41,2.17,79
2017-08-18,¡º,63,269,40,63,17,41,1.43,73
2017-08-19,¡º,53,226,31,55,14,34,1.03,67
2017-08-20,¡º,69,310,45,68,16,35,1.47,70
2017-08-21,¡º,67,252,42,70,15,34,1.16,90
2017-08-22,¡º,82,326,59,89,16,42,1.43,95
2017-08-23,¡º,53,227,25,57,13,40,1.19,78
2017-08-24,¡º,67,316,38,66,15,47,1.29,59
2017-08-25,¡º,59,284,21,61,16,55,0.99,60
2017-08-26,¡º,65,310,30,77,21,60,1.28,44
2017-08-27,”≈,42,139,22,42,13,37,1.07,56
2017-08-28,¡º,55,277,31,61,13,36,1.39,53
2017-08-29,¡º,53,302,25,56,18,39,1.22,51
2017-08-30,”≈,45,239,21,43,14,27,1.04,81
2017-08-31,¡º,60,285,41,59,12,29,1.19,70
2017-09-01,¡º,79,328,56,75,15,35,1.26,69
2017-09-02,¡º,68,268,45,67,15,38,1.22,82
2017-09-03,¡º,84,338,58,84,17,40,1.31,95
2017-09-04,¡º,76,336,53,78,18,38,1.31,89
2017-09-05,¡º,80,329,55,79,17,37,1.36,80
2017-09-06,¡º,89,350,60,89,17,44,1.43,76
2017-09-07,¡º,95,349,69,101,18,32,1.61,103
2017-09-08,«·∂»Œ€»æ,101,349,75,98,16,35,1.64,63
2017-09-09,¡º,90,319,52,94,17,29,1.29,141
2017-09-10,¡º,74,331,47,75,20,38,1.37,72
2017-09-11,¡º,65,276,36,70,17,42,1.27,56
2017-09-12,¡º,72,263,37,79,21,43,1.34,92
2017-09-13,¡º,77,274,48,95,25,47,1.41,100
2017-09-14,¡º,80,305,49,86,18,42,1.27,104
2017-09-15,¡º,91,334,63,99,22,49,1.42,106
2017-09-16,«·∂»Œ€»æ,140,364,103,118,24,54,1.76,102
2017-09-17,¡º,72,225,42,76,16,49,1.15,56
2017-09-18,¡º,83,228,47,102,21,59,1.42,93
2017-09-19,¡º,63,173,26,74,15,53,1.02,60
2017-09-20,¡º,66,255,26,81,22,59,1.37,45
2017-09-21,¡º,80,288,45,103,25,46,1.36,98
2017-09-22,¡º,73,265,26,92,13,42,1.00,63
2017-09-23,«·∂»Œ€»æ,104,335,40,156,24,57,1.25,81
2017-09-24,«·∂»Œ€»æ,120,359,89,146,21,50,1.74,96
2017-09-25,«·∂»Œ€»æ,107,348,76,103,17,42,1.45,93
2017-09-26,¡º,64,283,35,75,17,39,1.05,55
2017-09-27,”≈,48,200,18,49,21,39,1.27,42
2017-09-28,”≈,47,190,18,49,14,40,0.92,43
2017-09-29,¡º,85,317,54,114,28,59,1.58,73
2017-09-30,¡º,93,342,66,105,22,47,1.47,90
2017-10-01,«·∂»Œ€»æ,101,343,69,116,21,62,1.50,62
2017-10-02,¡º,58,274,17,63,20,35,1.13,40
2017-10-03,¡º,52,310,23,55,21,44,1.23,32
2017-10-05,¡º,60,317,38,63,18,38,1.13,60
2017-10-06,¡º,74,330,52,79,21,45,1.29,65
2017-10-07,«·∂»Œ€»æ,110,349,82,94,20,63,1.72,27
2017-10-08,«·∂»Œ€»æ,109,344,82,87,13,51,1.47,25
2017-10-09,¡º,62,274,37,67,13,39,1.32,27
2017-10-10,”≈,37,161,15,37,13,33,1.06,34
2017-10-11,”≈,49,277,24,50,14,46,1.13,24
2017-10-12,¡º,62,317,42,68,17,59,1.33,26
2017-10-13,«·∂»Œ€»æ,102,348,76,95,18,69,1.64,27
2017-10-14,¡º,76,293,46,69,19,56,1.48,31
2017-10-15,«·∂»Œ€»æ,105,326,78,95,19,62,1.64,28
2017-10-16,¡º,79,303,51,75,18,51,1.41,30
2017-10-17,¡º,59,264,34,66,20,68,1.27,23
2017-10-18,¡º,76,305,55,75,18,64,1.39,18
2017-10-19,«·∂»Œ€»æ,103,316,76,90,15,54,1.81,33
2017-10-20,«·∂»Œ€»æ,112,308,84,98,16,71,1.87,41
2017-10-21,«·∂»Œ€»æ,101,299,69,84,16,56,1.51,34
2017-10-22,¡º,55,117,29,61,22,50,1.44,31
2017-10-23,¡º,57,135,30,62,20,57,1.43,28
2017-10-24,¡º,66,161,46,74,20,65,1.35,33
2017-10-25,«·∂»Œ€»æ,102,277,75,109,21,77,1.62,26
2017-10-26,÷–∂»Œ€»æ,170,353,129,140,20,70,1.84,28
2017-10-27,÷ÿ∂»Œ€»æ,221,354,171,141,18,81,2.37,30
2017-10-28,«·∂»Œ€»æ,109,289,73,92,13,47,1.44,32
2017-10-29,”≈,38,24,17,39,12,36,0.83,37
2017-10-30,¡º,60,136,36,68,18,61,1.30,24
2017-10-31,¡º,91,274,67,115,24,76,1.52,17
2017-11-01,«·∂»Œ€»æ,105,273,76,128,23,82,1.78,20
2017-11-02,÷–∂»Œ€»æ,153,328,114,143,25,83,2.01,23
2017-11-03,¡º,52,68,27,55,19,53,1.26,25
2017-11-04,¡º,67,149,44,75,19,63,1.35,25
2017-11-05,¡º,73,175,51,88,21,58,1.25,33
2017-11-06,«·∂»Œ€»æ,101,242,75,112,22,70,1.45,26
2017-11-07,«·∂»Œ€»æ,127,258,84,130,17,69,1.49,28
2017-11-08,¡º,51,90,20,55,20,57,1.30,24
2017-11-09,¡º,84,216,55,108,22,69,1.41,19
2017-11-10,¡º,66,155,28,77,13,40,0.98,37
2017-11-11,”≈,48,108,26,52,16,50,1.15,26
2017-11-12,¡º,97,333,71,115,27,76,1.69,13
2017-11-13,«·∂»Œ€»æ,101,317,63,111,18,61,1.48,25
2017-11-14,”≈,42,88,17,43,13,44,0.95,30
2017-11-15,¡º,52,134,26,57,15,55,1.11,27
2017-11-16,¡º,64,173,38,74,23,73,1.53,19
2017-11-17,¡º,70,221,40,76,16,51,1.19,31
2017-11-18,”≈,45,162,25,48,13,35,0.81,37
2017-11-19,«·∂»Œ€»æ,109,344,82,117,24,78,1.50,15
2017-11-20,÷–∂»Œ€»æ,171,356,131,160,35,91,2.06,16
2017-11-21,÷–∂»Œ€»æ,167,355,126,152,27,79,1.80,14
2017-11-22,¡º,54,145,21,61,12,35,0.74,39
2017-11-23,”≈,48,106,18,51,13,35,0.78,34
2017-11-24,”≈,47,84,22,51,15,42,0.87,28
2017-11-25,¡º,76,206,51,96,24,69,1.39,13
2017-11-26,”≈,50,98,22,54,14,41,0.92,35
2017-11-27,¡º,76,186,54,88,30,69,1.61,13
2017-11-28,«·∂»Œ€»æ,101,232,61,117,21,52,1.61,28
2017-11-29,”≈,50,78,20,52,16,47,1.04,30
2017-11-30,¡º,53,179,28,57,16,56,1.07,23
2017-12-01,¡º,89,275,65,99,26,72,1.43,19
2017-12-02,÷–∂»Œ€»æ,196,348,152,192,26,90,2.18,16
2017-12-03,÷–∂»Œ€»æ,155,309,120,138,21,74,2.11,19
2017-12-04,”≈,37,33,16,37,12,38,0.86,38
2017-12-05,¡º,82,231,55,91,25,62,1.44,21
2017-12-06,¡º,82,143,57,97,25,70,1.62,17
2017-12-07,¡º,52,58,28,54,16,51,1.19,25
2017-12-08,¡º,57,88,31,67,18,52,1.16,21
2017-12-09,«·∂»Œ€»æ,120,337,89,144,36,84,2.13,12
2017-12-10,¡º,70,116,31,76,14,40,1.07,45
2017-12-11,”≈,42,51,17,41,15,39,1.10,36
2017-12-12,”≈,46,67,20,45,21,48,1.39,19
2017-12-13,¡º,68,159,44,82,33,69,2.50,13
2017-12-14,¡º,76,206,55,79,29,69,1.98,13
2017-12-15,¡º,89,255,58,78,17,49,1.30,27
2017-12-16,¡º,56,167,16,60,11,33,0.84,45
2017-12-17,¡º,68,185,43,82,24,62,1.38,21
2017-12-18,¡º,67,153,34,73,19,44,1.13,33
2017-12-19,¡º,52,83,27,58,19,48,1.10,26
2017-12-20,¡º,70,157,44,78,23,59,1.36,25
2017-12-21,¡º,89,197,65,102,31,78,1.64,15
2017-12-22,«·∂»Œ€»æ,112,216,77,117,27,75,1.79,21
2017-12-23,¡º,94,127,68,108,37,87,1.98,13
2017-12-24,¡º,77,110,39,86,19,50,1.20,40
2017-12-25,”≈,49,42,27,54,18,54,1.21,30
2017-12-26,¡º,55,73,29,61,21,54,1.26,28
2017-12-27,¡º,84,131,59,89,29,70,1.59,15
2017-12-28,÷–∂»Œ€»æ,152,257,115,168,23,71,2.52,9
2017-12-29,÷ÿ∂»Œ€»æ,209,281,159,193,23,73,2.66,14
2017-12-30,÷ÿ∂»Œ€»æ,218,307,170,196,22,83,3.01,11
2017-12-31,÷–∂»Œ€»æ,193,307,153,191,26,83,2.80,18
2018-01-01,¡º,80,84,52,87,34,63,1.80,23
2018-01-02,¡º,58,87,39,62,27,56,1.63,18
2018-01-03,”≈,43,85,19,42,14,38,0.84,37
2018-01-04,¡º,52,196,26,54,22,51,1.33,22
2018-01-05,¡º,92,272,67,103,27,69,1.66,17
2018-01-06,¡º,92,232,66,97,34,79,2.28,15
2018-01-07,«·∂»Œ€»æ,135,315,101,125,41,83,2.54,16
2018-01-08,¡º,62,169,21,73,13,29,0.84,52
2018-01-09,¡º,58,190,23,67,15,39,1.03,38
2018-01-10,”≈,39,50,14,38,12,27,0.77,51
2018-01-11,”≈,37,31,15,37,15,33,0.86,37
2018-01-12,¡º,78,235,56,94,33,63,1.57,21
2018-01-13,«·∂»Œ€»æ,119,267,90,119,27,69,1.75,19
2018-01-14,«·∂»Œ€»æ,133,282,100,132,29,75,1.84,24
2018-01-15,¡º,91,146,61,90,23,66,1.74,21
2018-01-16,¡º,75,105,39,97,19,59,1.48,24
2018-01-17,¡º,94,147,65,131,28,78,2.11,12
2018-01-18,¡º,92,137,66,110,27,79,2.00,19
2018-01-19,÷–∂»Œ€»æ,161,250,122,172,35,91,2.51,15
2018-01-20,«·∂»Œ€»æ,118,199,80,117,26,67,1.92,29
2018-01-21,¡º,55,78,25,59,17,36,0.95,38
2018-01-22,¡º,58,101,39,58,24,45,1.50,30
2018-01-23,”≈,44,44,20,44,14,32,0.99,50
2018-01-24,¡º,60,176,38,62,21,61,1.37,24
2018-01-25,¡º,61,238,39,65,26,62,1.53,26
2018-01-26,¡º,71,266,51,70,25,67,1.41,22
2018-01-27,¡º,83,261,61,74,41,65,1.39,25
2018-01-28,¡º,66,192,33,67,17,43,1.11,41
2018-01-29,¡º,69,172,26,84,15,43,1.07,42
2018-01-30,¡º,74,153,52,81,27,65,1.59,25
2018-01-31,¡º,64,102,22,76,16,47,0.99,40
2018-02-01,¡º,80,148,49,105,28,67,1.50,24
2018-02-02,”≈,50,52,15,52,12,28,0.74,54
2018-02-03,”≈,40,21,18,39,13,36,0.83,44
2018-02-04,”≈,46,30,22,47,16,45,1.03,38
2018-02-05,”≈,45,40,22,46,16,40,1.16,42
2018-02-06,¡º,52,63,31,56,20,54,1.13,31
2018-02-07,¡º,70,114,48,78,25,53,1.52,30
2018-02-08,¡º,79,128,54,78,23,57,1.45,28
2018-02-09,«·∂»Œ€»æ,102,157,51,142,21,50,1.30,38
2018-02-10,”≈,50,37,18,51,13,32,0.87,52
2018-02-11,¡º,61,91,21,71,15,39,0.96,45
2018-02-12,¡º,63,123,29,75,18,39,1.13,46
2018-02-13,¡º,77,191,54,90,30,50,1.44,41
2018-02-14,¡º,69,137,41,71,18,37,1.16,55
2018-02-15,¡º,84,209,60,87,31,42,1.25,52
2018-02-16,«·∂»Œ€»æ,149,236,112,154,37,37,1.37,56
2018-02-17,¡º,79,159,57,81,32,45,1.49,42
2018-02-18,«·∂»Œ€»æ,114,301,85,108,27,50,1.81,37
2018-02-19,«·∂»Œ€»æ,134,334,101,123,17,41,1.68,36
2018-02-20,«·∂»Œ€»æ,117,322,87,107,28,47,1.86,49
2018-02-21,«·∂»Œ€»æ,109,308,82,103,26,48,1.71,53
2018-02-22,«·∂»Œ€»æ,113,308,82,107,21,50,1.51,45
2018-02-23,«·∂»Œ€»æ,124,348,87,129,30,62,1.83,45
2018-02-24,”≈,43,66,16,45,15,27,0.80,61
2018-02-25,¡º,52,94,34,55,25,50,1.15,45
2018-02-26,÷–∂»Œ€»æ,159,339,119,148,25,68,2.00,37
2018-02-27,«·∂»Œ€»æ,144,315,108,130,20,50,1.61,52
2018-02-28,«·∂»Œ€»æ,131,308,98,130,20,54,1.45,57
2018-03-01,¡º,56,122,19,62,15,30,0.81,67
2018-03-02,¡º,82,262,55,107,29,55,1.36,44
2018-03-03,«·∂»Œ€»æ,142,332,107,134,17,52,1.39,26
2018-03-04,«·∂»Œ€»æ,120,336,56,152,16,40,1.08,45
2018-03-05,¡º,63,275,31,75,21,49,1.17,45
2018-03-06,¡º,54,213,25,56,18,44,1.02,49
2018-03-07,¡º,62,235,38,68,17,56,1.12,33
2018-03-08,¡º,66,234,45,67,23,49,1.40,45
2018-03-09,¡º,79,246,57,89,24,59,1.22,51
2018-03-10,«·∂»Œ€»æ,101,282,73,112,21,62,1.56,47
2018-03-11,¡º,82,203,59,81,18,55,1.31,50
2018-03-12,÷–∂»Œ€»æ,151,321,114,132,22,83,1.85,34
2018-03-13,—œ÷ÿŒ€»æ,287,357,236,200,31,123,2.66,49
2018-03-14,÷–∂»Œ€»æ,153,337,117,113,23,77,1.73,46
2018-03-15,¡º,97,266,48,114,15,37,1.10,65
2018-03-16,¡º,53,162,28,56,18,50,1.13,48
2018-03-17,¡º,57,162,36,60,25,67,1.21,30
2018-03-18,«·∂»Œ€»æ,108,298,80,85,12,64,1.32,29
2018-03-19,«·∂»Œ€»æ,114,304,79,90,17,60,1.48,43
2018-03-20,¡º,54,170,23,58,17,46,0.96,52
2018-03-21,¡º,65,220,40,76,20,64,1.15,45
2018-03-22,¡º,96,271,70,98,27,73,1.42,46
2018-03-23,÷–∂»Œ€»æ,176,354,133,156,27,90,1.76,39
2018-03-24,÷–∂»Œ€»æ,188,357,148,129,21,86,1.98,65
2018-03-25,«·∂»Œ€»æ,115,287,85,106,22,62,1.37,93
2018-03-26,«·∂»Œ€»æ,123,308,92,115,22,46,1.25,109
2018-03-27,«·∂»Œ€»æ,113,298,80,133,20,43,1.17,81
2018-03-28,÷ÿ∂»Œ€»æ,218,345,65,313,15,41,1.03,63
2018-03-29,¡º,82,213,26,113,17,43,0.93,59
2018-03-30,¡º,68,140,43,84,22,67,1.23,47
2018-03-31,«·∂»Œ€»æ,132,329,100,149,22,85,1.74,53
2018-04-01,÷–∂»Œ€»æ,194,356,146,184,20,87,1.94,66
2018-04-02,÷–∂»Œ€»æ,153,334,110,167,27,58,1.61,86
2018-04-03,«·∂»Œ€»æ,102,261,25,153,14,34,0.98,56
2018-04-04,¡º,61,143,29,71,13,42,1.16,41
2018-04-05,¡º,73,252,47,84,11,40,1.03,41
2018-04-05,¡º,73,252,47,84,11,40,1.03,41
2018-04-06,¡º,74,171,27,97,11,25,0.74,70
2018-04-07,”≈,48,31,18,48,11,31,0.76,74
2018-04-08,¡º,61,67,34,70,20,49,1.37,59
2018-04-09,¡º,92,255,65,127,26,71,1.36,57
2018-04-10,«·∂»Œ€»æ,105,259,59,154,17,56,1.47,45
2018-04-11,¡º,57,64,24,63,12,44,0.80,63
2018-04-12,¡º,80,247,31,108,16,49,0.96,58
2018-04-13,¡º,58,217,31,67,13,55,1.07,42
2018-04-14,¡º,86,286,23,120,11,29,0.74,68
2018-04-15,¡º,99,280,28,146,11,45,0.80,59
2018-04-16,«·∂»Œ€»æ,103,255,53,155,19,50,1.05,78
2018-04-17,«·∂»Œ€»æ,122,309,55,192,18,42,1.01,98
2018-04-18,«·∂»Œ€»æ,118,298,61,185,18,42,1.05,104
2018-04-19,«·∂»Œ€»æ,107,285,68,155,20,45,1.15,121
2018-04-20,«·∂»Œ€»æ,120,327,83,142,19,63,1.38,122
2018-04-21,¡º,87,326,61,99,17,54,1.36,51
2018-04-22,”≈,49,152,21,51,13,35,1.07,56
2018-04-23,¡º,59,256,31,67,24,56,1.33,48
2018-04-24,¡º,56,206,32,57,12,58,0.85,62
2018-04-25,¡º,72,207,44,77,18,56,0.88,84
2018-04-26,«·∂»Œ€»æ,120,349,90,125,23,61,1.37,95
2018-04-27,«·∂»Œ€»æ,113,334,36,169,17,47,0.97,75
2018-04-28,«·∂»Œ€»æ,112,300,76,133,25,62,1.34,112
2018-04-29,¡º,83,186,50,100,17,42,1.10,116
2018-04-30,¡º,65,158,28,79,15,34,1.01,76
2018-05-01,¡º,83,268,53,109,22,50,1.52,60
2018-05-02,¡º,61,185,34,61,11,36,0.87,65
2018-05-03,¡º,53,83,18,55,11,39,0.73,71
2018-05-04,¡º,75,216,42,97,18,42,1.01,97
2018-05-05,¡º,84,290,44,114,15,40,1.08,98
2018-05-06,¡º,89,339,45,126,14,43,1.13,96
2018-05-07,¡º,75,280,35,97,25,48,1.32,66
2018-05-08,¡º,69,228,29,85,19,61,1.10,57
2018-05-09,¡º,75,222,39,94,20,67,1.13,81
2018-05-10,¡º,88,282,55,102,22,49,1.24,122
2018-05-11,¡º,90,333,66,94,17,51,1.20,97
2018-05-12,«·∂»Œ€»æ,109,333,80,94,14,37,1.16,104
2018-05-13,¡º,79,207,48,80,13,44,1.23,100
2018-05-14,¡º,98,305,62,110,15,42,1.25,106
2018-05-15,¡º,96,309,68,100,17,47,1.44,92
2018-05-16,¡º,87,300,64,78,11,46,1.38,49
2018-05-17,¡º,65,239,31,77,15,37,1.05,73
2018-05-18,¡º,63,191,31,73,29,54,1.46,64
2018-05-19,¡º,67,276,31,78,18,63,1.24,76
2018-05-20,¡º,53,191,35,54,13,44,1.06,48
2018-05-21,”≈,49,155,29,48,13,40,0.97,66
2018-05-22,¡º,84,317,42,105,11,35,0.91,69
2018-05-23,«·∂»Œ€»æ,146,358,52,235,15,42,0.97,87
2018-05-24,¡º,98,284,48,133,18,36,1.05,120
2018-05-25,¡º,85,258,51,107,14,34,1.13,112
2018-05-26,«·∂»Œ€»æ,103,275,68,118,14,39,1.21,105
2018-05-27,¡º,95,276,47,138,11,36,0.75,85
2018-05-28,«·∂»Œ€»æ,111,310,40,158,14,39,0.85,73
2018-05-29,¡º,69,166,31,85,14,50,1.05,80
2018-05-30,¡º,75,216,35,82,16,52,1.20,91
2018-05-31,¡º,89,278,36,82,16,59,1.17,112
2018-06-01,¡º,97,267,39,85,21,53,1.14,129
2018-06-02,«·∂»Œ€»æ,104,297,45,96,23,47,1.15,146
2018-06-03,¡º,90,251,51,121,17,36,1.12,126
2018-06-04,¡º,78,253,34,85,14,40,1.02,113
2018-06-05,¡º,99,303,43,139,18,35,1.03,141
2018-06-06,«·∂»Œ€»æ,121,334,48,155,18,37,1.12,165
2018-06-07,¡º,82,248,43,76,12,34,1.20,125
2018-06-08,¡º,61,219,23,54,13,41,1.05,90
2018-06-09,”≈,50,151,24,48,11,34,1.06,88
2018-06-10,¡º,54,132,30,55,10,30,1.20,88
2018-06-11,¡º,77,241,51,71,12,38,1.12,98
2018-06-12,¡º,88,285,47,74,15,38,1.14,131
2018-06-13,¡º,65,206,37,59,12,36,1.27,91
2018-06-14,¡º,84,273,47,69,13,41,1.56,110
2018-06-15,¡º,69,208,40,59,14,35,1.40,103
2018-06-16,¡º,88,287,50,80,14,36,1.13,128
2018-06-17,¡º,68,217,42,70,12,40,1.08,104
2018-06-18,«·∂»Œ€»æ,103,349,64,94,14,37,1.23,129
2018-06-19,¡º,77,318,47,71,12,33,1.20,110
2018-06-20,¡º,85,310,42,70,12,39,1.17,106
2018-06-21,¡º,87,299,51,93,17,49,1.25,119
2018-06-22,«·∂»Œ€»æ,124,365,77,100,15,46,1.31,130
2018-06-23,¡º,95,302,38,84,15,35,0.97,147
2018-06-24,¡º,95,304,35,80,14,32,0.96,153
2018-06-25,¡º,85,337,56,102,16,45,1.25,117
2018-06-26,¡º,83,340,50,73,11,32,1.12,107
2018-06-27,¡º,89,340,47,82,12,32,1.02,112
2018-06-28,¡º,53,226,16,53,13,36,0.79,81
2018-06-29,¡º,87,312,26,73,15,34,0.94,138
2018-06-30,¡º,84,316,35,85,16,34,1.07,127
2018-07-01,¡º,70,283,47,71,13,30,1.27,81
2018-07-02,¡º,64,270,32,54,11,27,1.02,94
2018-07-03,¡º,55,232,25,50,12,31,0.92,94
2018-07-04,¡º,77,312,36,70,14,36,1.01,112
2018-07-05,¡º,96,330,48,95,14,39,1.20,123
2018-07-06,¡º,78,315,52,75,20,40,1.70,80
2018-07-07,¡º,51,261,29,53,14,33,0.97,66
2018-07-08,¡º,67,331,46,64,10,29,0.97,91
2018-07-09,¡º,56,293,35,52,13,34,0.95,46
2018-07-10,”≈,42,186,20,39,11,28,0.83,71
2018-07-11,¡º,52,224,31,52,14,38,1.00,62
2018-07-12,¡º,77,340,52,76,11,40,1.26,78
2018-07-13,¡º,55,266,34,56,10,40,1.00,37
2018-07-14,”≈,50,220,30,52,10,34,1.09,56
2018-07-15,¡º,58,254,36,57,10,26,1.06,93
2018-07-16,¡º,76,332,47,72,11,28,1.08,96
2018-07-17,¡º,71,320,47,77,11,36,1.15,86
2018-07-18,¡º,74,334,46,72,11,33,1.11,100
2018-07-19,¡º,91,352,58,87,11,33,1.14,118
2018-07-20,¡º,81,323,47,78,12,29,1.01,120
2018-07-21,¡º,89,336,47,82,12,27,1.01,137
2018-07-22,¡º,90,350,60,99,14,35,1.19,120
2018-07-23,¡º,58,235,34,61,14,32,0.90,44
2018-07-24,”≈,40,107,16,39,10,22,0.89,42
2018-07-25,¡º,52,192,28,53,11,30,1.36,80
2018-07-26,¡º,64,264,37,64,13,31,1.61,83
2018-07-27,¡º,61,282,36,57,14,26,1.16,95
2018-07-28,¡º,74,304,46,69,14,31,1.31,102
2018-07-29,¡º,87,330,63,78,13,30,1.20,93
2018-07-30,¡º,78,315,50,77,14,34,1.30,88
2018-07-31,¡º,80,343,45,78,11,38,1.18,94
