日期,质量等级,AQI指数,当天AQI排名,PM2.5,PM10,So2,No2,Co,O3
2013-10-28,良,62,9,38,74,11,39,0.59,60
2013-10-29,良,52,13,25,55,11,42,0.48,57
2013-10-30,优,46,9,22,47,9,36,0.52,48
2013-10-31,优,36,1,17,34,5,23,0.43,57
2013-11-01,优,46,4,27,45,6,25,0.53,59
2013-11-02,优,46,6,21,48,8,44,0.65,38
2013-11-03,优,39,5,20,36,7,45,0.71,28
2013-11-04,良,57,12,39,55,8,40,0.85,45
2013-11-05,良,53,9,29,53,10,25,0.62,63
2013-11-06,良,51,2,34,68,15,59,0.81,36
2013-11-07,良,69,9,56,88,14,43,0.72,60
2013-11-08,良,88,35,60,94,12,40,1.10,66
2013-11-09,良,62,19,29,54,8,40,0.96,34
2013-11-10,优,43,9,28,53,9,34,0.79,39
2013-11-11,优,41,8,10,19,5,28,0.68,44
2013-11-12,优,25,7,15,26,6,38,0.78,36
2013-11-13,优,24,4,7,17,6,38,0.69,34
2013-11-14,优,34,10,22,51,8,49,0.82,33
2013-11-15,良,51,16,29,51,8,40,0.85,30
2013-11-16,良,62,17,54,89,20,42,1.12,56
2013-11-17,良,72,26,45,90,14,50,0.84,50
2013-11-18,良,78,45,49,121,18,48,0.77,57
2013-11-19,良,75,30,45,99,19,48,0.73,62
2013-11-20,良,69,21,44,88,17,50,0.71,60
2013-11-21,良,61,9,32,68,12,46,0.68,51
2013-11-22,良,53,6,29,55,10,44,0.72,58
2013-11-23,良,56,8,34,79,10,48,0.79,56
2013-11-24,良,63,13,34,69,9,55,0.90,35
2013-11-25,优,49,2,20,42,10,30,0.81,50
2013-11-26,良,60,17,34,104,11,37,0.66,54
2013-11-27,良,80,49,41,105,10,42,0.71,37
2013-11-28,良,60,37,37,61,13,33,0.67,44
2013-11-29,良,55,20,25,50,15,36,0.53,55
2013-11-30,优,50,3,32,63,14,51,0.60,42
2013-12-01,良,56,6,35,60,12,48,0.62,52
2013-12-02,良,59,4,50,79,17,60,0.66,59
2013-12-03,良,84,15,63,102,21,69,0.78,55
2013-12-04,良,81,10,52,96,17,56,0.66,54
2013-12-05,良,67,6,50,73,13,54,0.64,53
2013-12-06,良,72,15,50,83,12,53,0.72,62
2013-12-07,良,90,17,107,158,19,47,1.11,65
2013-12-08,中度污染,164,39,94,140,15,51,1.10,52
2013-12-09,轻度污染,102,29,62,87,9,46,0.85,51
2013-12-10,轻度污染,117,62,97,101,23,36,1.12,44
2013-12-11,轻度污染,103,49,65,93,19,40,0.96,45
2013-12-12,良,80,26,60,92,25,51,0.95,37
2013-12-13,良,85,34,63,92,19,55,1.02,43
2013-12-14,良,86,27,62,99,17,63,1.01,41
2013-12-15,良,57,14,18,34,7,40,0.72,46
2013-12-16,优,26,5,7,15,6,41,0.63,45
2013-12-17,优,25,21,10,20,7,48,0.68,32
2013-12-18,优,20,3,11,19,6,32,0.61,27
2013-12-19,优,32,7,31,49,11,32,0.55,48
2013-12-20,良,66,26,44,65,18,35,0.70,56
2013-12-21,良,64,15,61,79,23,38,0.82,62
2013-12-22,轻度污染,104,22,76,103,20,51,0.89,47
2013-12-23,良,75,7,45,76,13,62,0.66,37
2013-12-24,良,61,3,44,59,19,35,0.61,60
2013-12-25,良,74,7,64,92,25,63,0.76,43
2013-12-26,良,92,19,68,89,18,53,0.80,45
2013-12-27,轻度污染,113,56,109,130,38,47,0.96,54
2013-12-28,轻度污染,146,87,93,105,26,48,0.96,48
2013-12-29,良,89,35,44,67,22,47,0.60,50
2013-12-30,良,66,5,58,82,28,74,0.64,35
2013-12-31,良,88,28,65,92,19,85,0.72,37
2014-01-01,良,83,25,54,83,17,75,0.71,46
2014-01-02,良,80,23,63,103,23,97,0.95,42
2014-01-03,轻度污染,103,58,76,125,18,88,1.21,45
2014-01-04,轻度污染,122,95,92,119,31,76,1.16,42
2014-01-05,重度污染,205,145,157,205,42,75,1.41,42
2014-01-06,轻度污染,115,49,78,140,27,50,0.99,44
2014-01-07,良,57,11,28,63,15,66,0.79,33
2014-01-08,良,54,41,37,58,11,47,0.98,43
2014-01-09,优,44,9,27,42,10,34,0.73,39
2014-01-10,良,52,4,30,55,13,35,0.59,44
2014-01-11,良,63,22,33,75,10,50,0.72,34
2014-01-12,良,60,30,34,73,8,49,0.72,31
2014-01-13,优,42,8,27,39,9,32,0.78,33
2014-01-14,良,53,18,36,53,9,40,0.80,35
2014-01-15,良,66,18,43,64,15,32,0.67,58
2014-01-16,良,54,9,30,59,12,52,0.59,43
2014-01-17,良,59,5,36,67,11,68,0.64,30
2014-01-18,轻度污染,101,44,72,104,19,57,0.88,52
2014-01-19,轻度污染,140,78,104,127,23,46,1.02,57
2014-01-20,良,80,45,57,89,12,57,0.81,37
2014-01-21,轻度污染,105,133,73,141,26,45,2.41,53
2014-01-22,良,66,13,39,78,19,43,1.72,58
2014-01-24,优,48,6,25,49,11,44,0.80,39
2014-01-25,良,53,13,31,56,10,50,0.99,42
2014-01-26,轻度污染,121,133,90,110,14,32,1.20,52
2014-01-27,优,45,15,19,44,8,34,0.73,47
2014-01-28,优,47,14,24,49,10,44,0.73,30
2014-01-29,优,47,13,24,47,11,46,0.86,33
2014-01-30,良,91,44,61,116,13,44,1.11,37
2014-01-31,重度污染,214,95,173,238,26,36,1.19,42
2014-02-01,良,67,35,40,77,8,30,0.80,41
2014-02-02,良,59,22,37,62,11,31,0.92,41
2014-02-03,良,58,61,38,61,8,24,1.32,45
2014-02-04,优,34,5,17,29,5,16,1.18,46
2014-02-05,优,33,24,16,32,6,26,1.01,37
2014-02-06,优,26,24,8,25,7,31,0.68,33
2014-02-07,优,28,18,12,26,7,33,0.65,32
2014-02-08,优,21,4,9,20,5,24,0.74,29
2014-02-09,优,22,13,7,19,5,27,0.90,37
2014-02-10,优,32,10,17,30,8,25,0.95,37
2014-02-11,优,37,2,23,34,7,23,0.68,50
2014-02-12,优,42,7,26,41,8,34,0.81,42
2014-02-13,优,29,5,16,27,6,36,0.80,30
2014-02-14,优,31,3,18,33,8,26,0.82,28
2014-02-15,良,57,16,40,59,8,34,0.75,37
2014-02-16,优,46,19,28,48,7,52,0.99,25
2014-02-17,良,60,67,38,66,10,52,1.09,28
2014-02-18,优,23,7,12,19,8,34,0.88,27
2014-02-19,优,18,4,7,15,5,29,0.97,18
2014-02-20,优,25,2,13,23,6,27,0.79,34
2014-02-21,良,61,18,39,66,12,45,0.71,65
2014-02-22,良,57,8,36,65,14,53,0.70,41
2014-02-23,良,64,16,41,74,14,66,0.78,34
2014-02-24,良,65,30,36,79,14,71,0.82,28
2014-02-25,良,65,57,40,78,19,70,0.83,30
2014-02-26,良,63,36,41,72,16,67,0.95,37
2014-02-27,优,43,14,26,42,9,35,0.74,52
2014-02-28,良,58,70,31,68,13,62,0.83,34
2014-03-01,良,62,86,40,75,14,51,0.95,52
2014-03-02,优,28,5,15,24,7,31,0.81,46
2014-03-03,优,43,13,21,43,7,33,0.88,54
2014-03-04,优,36,8,18,35,7,46,0.91,30
2014-03-05,优,39,10,23,38,9,38,0.88,49
2014-03-06,优,41,12,19,41,7,34,0.87,57
2014-03-07,优,28,8,13,23,6,40,0.91,45
2014-03-08,优,34,9,18,29,7,66,0.98,41
2014-03-09,优,38,20,25,37,8,38,0.90,47
2014-03-10,良,52,22,30,57,12,30,0.81,79
2014-03-11,良,95,72,70,108,15,53,1.18,57
2014-03-12,良,81,97,59,85,8,78,1.59,28
2014-03-13,良,58,34,35,61,10,44,1.32,49
2014-03-14,良,83,69,61,97,15,42,1.13,58
2014-03-15,良,71,18,39,90,15,54,1.02,57
2014-03-16,良,85,38,50,118,18,76,1.18,45
2014-03-17,良,98,56,70,131,17,73,1.45,56
2014-03-18,良,94,56,63,135,15,66,1.57,56
2014-03-19,良,96,101,64,138,15,63,1.57,48
2014-03-20,良,56,30,35,65,9,49,1.31,30
2014-03-21,良,64,52,43,73,11,25,1.22,84
2014-03-22,优,48,7,18,45,6,23,1.00,82
2014-03-23,良,55,11,22,60,7,41,1.08,53
2014-03-25,良,74,36,38,98,11,51,1.11,55
2014-03-26,良,87,50,53,123,13,61,1.18,73
2014-03-27,良,81,49,59,98,14,48,1.26,79
2014-03-28,良,87,97,58,116,11,63,1.50,38
2014-03-29,良,66,53,31,82,8,50,1.47,27
2014-03-30,良,60,30,37,64,8,35,1.34,79
2014-03-31,良,78,70,56,95,8,41,1.45,91
2014-04-01,优,47,15,27,48,7,42,1.42,52
2014-04-02,良,51,20,27,54,8,41,1.04,63
2014-04-03,良,75,85,42,100,12,77,1.18,30
2014-04-04,良,57,16,31,61,8,29,0.90,96
2014-04-05,良,71,58,37,85,13,43,0.98,92
2014-04-06,良,52,15,23,51,8,25,0.80,93
2014-04-07,良,59,30,40,64,10,44,1.07,62
2014-04-08,良,82,58,59,104,17,75,1.28,21
2014-04-09,良,70,37,49,78,14,46,1.21,62
2014-04-10,良,72,51,45,75,13,41,1.02,83
2014-04-11,良,63,38,30,72,13,45,0.96,72
2014-04-12,良,71,76,36,88,12,40,0.94,75
2014-04-13,良,85,114,56,117,13,46,1.09,59
2014-04-14,优,50,10,24,37,5,19,0.68,105
2014-04-15,良,67,46,33,62,8,31,0.75,107
2014-04-16,良,75,96,40,97,12,40,0.88,89
2014-04-17,良,91,108,49,126,13,42,1.15,82
2014-04-18,良,85,111,52,106,10,34,1.19,71
2014-04-19,良,81,155,53,100,10,31,1.26,88
2014-04-20,优,35,8,21,32,5,24,0.99,59
2014-04-21,优,46,24,23,41,6,22,0.76,85
2014-04-22,优,47,23,26,47,6,33,0.88,58
2014-04-23,良,52,19,27,50,5,29,0.93,89
2014-04-24,优,50,20,26,48,5,43,1.16,51
2014-04-25,优,35,8,16,33,4,44,1.24,34
2014-04-26,优,42,28,22,41,4,45,1.31,30
2014-04-27,优,48,35,23,47,5,26,1.31,52
2014-04-28,良,55,24,29,45,5,20,1.67,98
2014-04-29,良,64,24,33,59,6,20,0.79,111
2014-04-30,良,67,29,43,80,6,38,0.98,55
2014-05-01,良,65,27,32,65,5,27,0.99,79
2014-05-02,良,63,45,23,52,3,18,0.95,106
2014-05-03,良,70,67,37,80,5,21,0.99,100
2014-05-04,良,74,111,42,89,5,21,1.04,114
2014-05-05,优,47,39,15,37,6,15,1.00,94
2014-05-06,良,64,56,23,56,7,17,0.93,112
2014-05-07,良,67,54,35,84,10,45,1.04,53
2014-05-08,良,68,49,37,73,9,30,1.12,80
2014-05-09,良,60,50,38,65,6,37,1.07,79
2014-05-10,优,45,39,27,44,6,32,1.08,37
2014-05-11,良,54,90,26,59,7,31,1.02,36
2014-05-12,优,38,10,18,38,6,27,1.01,33
2014-05-13,优,49,25,25,52,6,26,1.21,63
2014-05-14,良,61,56,25,70,6,27,1.04,45
2014-05-15,良,55,40,31,57,5,24,1.01,57
2014-05-16,良,95,107,70,109,8,41,1.22,62
2014-05-17,良,84,85,58,102,8,45,1.20,44
2014-05-18,优,47,22,22,49,6,34,1.10,37
2014-05-19,优,41,18,22,41,6,31,1.03,49
2014-05-20,优,46,21,19,40,5,22,1.04,64
2014-05-21,良,69,51,42,73,5,23,1.10,116
2014-05-22,优,48,32,23,39,4,37,1.10,73
2014-05-23,优,35,18,16,34,5,43,1.09,39
2014-05-24,良,53,71,23,56,5,41,1.21,44
2014-05-25,良,65,69,30,75,5,38,1.12,46
2014-05-26,良,62,49,34,69,6,39,1.23,34
2014-05-27,良,62,30,37,71,6,31,1.25,72
2014-05-28,良,76,71,48,101,6,37,1.21,60
2014-05-29,良,89,61,56,126,9,45,1.24,62
2014-05-30,良,67,45,46,81,4,40,1.31,38
2014-05-31,良,56,43,32,60,4,34,1.28,52
2014-06-01,良,66,85,38,80,4,26,1.23,66
2014-06-02,良,52,60,25,56,3,26,1.51,51
2014-06-03,优,50,39,27,52,5,23,0.74,82
2014-06-04,良,66,72,39,78,7,25,0.83,88
2014-06-05,良,60,56,37,68,5,23,0.88,74
2014-06-06,良,51,49,32,48,5,28,0.92,80
2014-06-07,优,42,34,22,43,6,30,0.86,48
2014-06-08,良,53,40,27,49,6,21,0.85,76
2014-06-09,良,53,58,25,47,5,16,0.84,90
2014-06-10,良,54,68,22,50,5,18,0.79,79
2014-06-11,优,50,27,19,43,6,20,0.77,66
2014-06-12,良,63,42,22,53,6,20,0.79,113
2014-06-13,良,82,82,38,77,7,24,0.85,122
2014-06-14,良,97,97,42,74,7,21,0.86,139
2014-06-15,良,73,50,37,94,8,36,0.99,70
2014-06-16,良,53,34,28,56,5,28,1.01,50
2014-06-17,良,52,41,22,58,5,23,0.91,64
2014-06-18,优,38,19,16,35,5,28,0.76,51
2014-06-19,优,40,27,17,39,6,34,0.91,32
2014-06-20,良,54,89,24,58,8,35,0.98,21
2014-06-21,优,48,65,19,50,7,20,0.80,33
2014-06-22,优,43,46,16,44,7,18,0.75,34
2014-06-23,优,32,17,15,28,5,21,0.84,49
2014-06-24,优,33,21,16,27,5,31,0.87,60
2014-06-25,良,51,63,19,55,6,29,0.84,63
2014-06-26,良,62,103,25,73,5,24,0.81,47
2014-06-27,良,68,117,34,84,5,29,0.90,52
2014-06-28,良,54,54,28,60,5,29,0.93,37
2014-06-29,优,46,36,18,46,7,25,0.91,59
2014-06-30,良,54,45,24,59,6,22,0.91,56
2014-07-01,良,58,54,20,62,8,20,0.88,56
2014-07-02,良,63,79,23,74,6,17,0.90,55
2014-07-03,良,64,71,30,76,5,19,0.98,55
2014-07-04,良,60,69,28,69,6,17,0.81,49
2014-07-05,良,56,77,24,63,7,16,0.69,53
2014-07-06,良,71,129,34,83,7,19,0.78,65
2014-07-07,良,53,36,24,56,6,15,0.70,56
2014-07-08,良,53,40,26,57,7,16,0.71,56
2014-07-09,良,66,98,27,68,6,20,0.77,64
2014-07-10,良,59,70,24,63,7,20,0.74,64
2014-07-11,良,55,62,20,57,6,17,0.66,54
2014-07-12,优,49,57,19,50,6,15,0.61,44
2014-07-13,优,50,64,18,52,7,13,0.61,45
2014-07-14,良,57,71,22,63,6,24,0.72,48
2014-07-15,良,60,89,22,58,8,17,0.72,87
2014-07-16,良,61,94,25,62,9,19,0.76,57
2014-07-17,优,24,5,9,21,5,4,0.61,24
2014-07-18,优,23,5,8,22,5,7,0.61,23
2014-07-19,优,26,8,9,23,4,11,0.70,28
2014-07-20,优,24,8,8,21,5,12,0.72,29
2014-07-21,优,23,5,8,22,5,11,0.68,36
2014-07-22,优,24,5,9,22,5,11,0.71,34
2014-07-23,优,29,4,14,20,4,9,0.75,33
2014-07-24,优,42,37,24,29,5,21,0.94,49
2014-07-25,优,50,60,29,44,5,28,0.95,44
2014-07-26,良,52,35,20,52,4,29,0.80,50
2014-07-27,良,67,67,26,60,4,29,0.84,70
2014-07-28,优,42,17,18,40,4,24,0.84,44
2014-07-29,优,31,7,11,28,3,17,0.70,35
2014-07-30,优,36,9,14,34,4,20,0.75,41
2014-07-31,良,63,98,22,61,5,35,0.87,61
2014-08-01,良,61,117,26,64,5,33,0.91,73
2014-08-02,良,77,142,36,70,5,24,0.87,113
2014-08-03,良,80,131,31,60,3,24,0.87,116
2014-08-04,良,76,110,36,73,5,27,0.84,80
2014-08-05,良,52,75,20,49,5,27,0.79,58
2014-08-06,良,58,87,24,62,5,36,0.81,60
2014-08-07,良,71,146,31,74,4,38,0.75,72
2014-08-09,良,68,136,36,71,6,35,0.78,70
2014-08-10,良,51,50,25,53,8,36,0.60,47
2014-08-11,良,55,66,25,55,5,31,0.67,52
2014-08-12,优,40,32,18,34,4,26,0.60,66
2014-08-13,优,36,31,12,30,4,29,0.53,55
2014-08-14,优,47,63,18,46,4,25,0.54,56
2014-08-15,优,49,41,19,43,4,24,0.66,71
2014-08-16,良,55,46,23,56,4,22,0.66,68
2014-08-17,良,67,111,29,69,5,23,0.68,71
2014-08-18,良,55,80,21,50,3,25,0.66,55
2014-08-19,优,38,45,15,39,4,24,0.68,17
2014-08-20,优,41,41,17,39,4,24,0.70,37
2014-08-21,优,46,28,17,51,4,25,0.79,48
2014-08-23,良,68,87,34,80,5,25,0.73,71
2014-08-24,良,72,148,33,82,5,28,0.73,70
2014-08-25,良,83,161,34,93,5,31,0.74,81
2014-08-26,优,49,32,25,52,3,22,0.63,33
2014-08-27,优,32,16,10,31,3,14,0.52,22
2014-08-28,优,46,45,13,48,4,18,0.51,49
2014-08-29,优,44,32,13,46,3,27,0.58,36
2014-08-30,优,45,36,16,46,3,25,0.61,34
2014-08-31,良,51,71,17,54,4,23,0.53,39
2014-09-01,良,66,136,27,81,4,27,0.62,60
2014-09-02,良,71,162,34,91,4,31,0.67,55
2014-09-03,良,57,143,25,64,3,25,0.60,46
2014-09-04,优,46,26,20,46,3,22,0.63,40
2014-09-05,良,63,58,38,71,2,19,0.82,92
2014-09-06,优,48,21,25,48,2,15,0.63,64
2014-09-07,优,45,19,18,47,3,18,0.50,44
2014-09-08,良,62,75,30,70,4,26,0.62,63
2014-09-09,良,63,96,31,72,5,23,0.65,71
2014-09-10,良,70,108,36,83,7,26,0.70,70
2014-09-11,优,41,27,20,40,3,20,0.58,50
2014-09-12,优,42,56,17,41,4,20,0.59,47
2014-09-13,良,59,116,24,61,4,27,0.69,57
2014-09-14,优,41,39,15,33,2,19,0.66,65
2014-09-15,优,40,40,14,33,2,13,0.61,67
2014-09-16,优,38,48,14,36,2,18,0.59,48
2014-09-17,良,57,130,21,59,4,27,0.74,57
2014-09-18,优,47,74,19,48,3,21,0.66,41
2014-09-19,优,37,25,12,33,2,15,0.53,61
2014-09-20,优,37,17,11,21,2,14,0.63,72
2014-09-21,优,41,19,9,11,2,11,0.56,82
2014-09-22,优,34,9,11,23,3,15,0.59,61
2014-09-23,优,40,45,15,37,4,20,0.66,58
2014-09-24,良,54,80,20,55,6,25,0.78,68
2014-09-25,良,51,32,24,49,3,21,0.78,82
2014-09-26,良,65,55,27,62,5,20,0.73,112
2014-09-27,良,65,66,30,61,4,18,0.70,106
2014-09-28,良,62,93,32,61,5,19,0.72,100
2014-09-29,良,66,121,38,80,7,24,0.72,87
2014-09-30,良,58,124,33,58,6,21,0.83,75
2014-10-01,优,44,23,15,29,5,13,0.66,84
2014-10-02,良,52,32,21,45,7,16,0.76,91
2014-10-03,良,70,84,32,66,7,15,0.81,129
2014-10-04,良,79,136,34,63,7,14,0.68,121
2014-10-05,良,60,50,24,54,7,18,0.48,106
2014-10-06,良,78,116,39,85,8,20,0.56,120
2014-10-07,良,81,81,36,65,8,14,0.55,131
2014-10-08,良,59,24,19,45,6,13,0.46,106
2014-10-09,良,52,10,18,47,6,19,0.53,84
2014-10-10,优,42,8,18,40,6,14,0.50,70
2014-10-11,优,39,7,15,37,5,16,0.40,68
2014-10-12,良,57,64,26,62,6,19,0.43,86
2014-10-13,良,63,89,30,62,7,18,0.50,110
2014-10-14,良,76,75,48,91,9,25,0.72,113
2014-10-15,良,89,48,57,103,10,28,0.87,134
2014-10-16,轻度污染,115,126,64,104,11,26,0.92,171
2014-10-17,轻度污染,114,122,59,100,11,23,0.82,168
2014-10-18,良,83,62,42,82,7,20,0.69,123
2014-10-19,良,52,30,21,51,4,19,0.56,73
2014-10-20,良,57,31,26,61,5,29,0.65,47
2014-10-21,良,72,71,36,93,6,36,0.75,71
2014-10-22,良,51,13,33,51,2,25,0.82,65
2014-10-23,良,63,24,25,53,3,15,0.59,113
2014-10-24,良,53,10,18,47,4,24,0.60,88
2014-10-25,优,50,9,24,51,5,29,0.68,66
2014-10-26,良,75,41,42,97,8,51,0.86,47
2014-10-27,良,89,110,51,100,6,34,0.93,94
2014-10-28,良,73,88,33,65,3,12,0.61,115
2014-10-29,良,54,50,20,51,3,16,0.62,86
2014-10-30,良,55,64,24,58,3,21,0.73,64
2014-10-31,良,56,72,23,61,4,27,0.73,53
2014-11-01,良,51,39,20,52,4,23,0.68,60
2014-11-02,优,36,14,20,32,2,22,0.92,61
2014-11-03,良,61,65,35,61,9,18,0.78,97
2014-11-04,良,60,22,25,56,6,26,0.58,92
2014-11-05,良,51,13,22,53,5,30,0.55,74
2014-11-06,良,66,50,36,81,6,45,0.66,57
2014-11-07,良,66,82,44,72,6,26,0.68,99
2014-11-08,优,49,56,29,47,3,29,0.65,61
2014-11-09,优,35,17,18,34,3,25,0.60,42
2014-11-10,优,45,25,20,44,5,22,0.57,69
2014-11-11,良,65,49,39,78,5,34,0.78,57
2014-11-12,良,56,62,36,57,4,33,0.77,36
2014-11-13,轻度污染,111,179,83,113,12,28,1.08,79
2014-11-14,良,66,41,44,69,11,26,0.71,82
2014-11-15,优,44,7,15,37,5,22,0.48,75
2014-11-16,优,43,6,19,42,4,29,0.53,41
2014-11-17,优,44,8,27,47,5,20,0.65,62
2014-11-18,良,69,25,48,73,10,16,0.63,99
2014-11-19,良,55,13,30,57,6,24,0.56,84
2014-11-20,良,52,7,25,54,5,30,0.53,64
2014-11-21,良,60,15,25,68,6,42,0.66,47
2014-11-22,良,60,19,32,68,5,38,0.71,38
2014-11-23,良,54,26,22,57,3,33,0.63,44
2014-11-24,良,59,65,24,66,6,43,0.68,35
2014-11-25,良,63,70,37,75,5,41,0.82,25
2014-11-26,优,38,6,21,35,2,24,0.76,49
2014-11-27,良,58,52,24,57,5,30,0.91,81
2014-11-28,良,75,95,39,98,7,52,0.99,26
2014-11-29,良,53,30,29,58,4,40,1.17,16
2014-11-30,良,62,83,32,73,4,40,1.27,16
2014-12-01,优,34,14,23,32,5,23,1.05,40
2014-12-02,良,74,126,53,85,12,17,0.90,61
2014-12-03,良,74,105,44,90,5,51,0.73,24
2014-12-04,优,26,16,17,17,3,22,0.76,40
2014-12-05,优,43,27,24,42,8,24,0.64,56
2014-12-06,良,51,21,28,50,9,29,0.61,70
2014-12-07,良,58,21,30,66,8,42,0.68,48
2014-12-08,良,59,27,35,67,12,34,0.69,55
2014-12-09,良,59,30,40,65,11,25,0.70,60
2014-12-10,良,51,13,29,55,5,39,0.71,28
2014-12-11,良,53,29,35,49,5,39,0.86,17
2014-12-12,良,53,29,36,55,6,32,1.04,32
2014-12-13,良,72,52,48,86,13,28,0.82,63
2014-12-14,良,63,14,39,73,12,36,0.69,49
2014-12-15,良,64,16,36,77,7,47,0.76,30
2014-12-16,良,58,53,35,64,10,26,0.63,66
2014-12-17,良,60,37,33,66,13,22,0.52,67
2014-12-18,良,52,9,23,53,10,25,0.59,73
2014-12-19,良,54,11,29,57,6,43,0.71,34
2014-12-20,优,49,31,28,50,8,30,0.61,58
2014-12-21,良,85,112,62,92,18,37,0.81,79
2014-12-22,良,68,24,48,62,15,28,0.71,77
2014-12-23,良,66,9,39,81,10,50,0.78,41
2014-12-24,良,71,29,45,89,10,47,0.80,59
2014-12-25,良,80,58,58,86,17,37,0.81,85
2014-12-26,良,59,28,38,61,11,28,0.80,76
2014-12-27,优,47,16,28,48,6,31,0.60,54
2014-12-28,优,48,16,28,50,5,31,0.66,38
2014-12-29,良,55,9,31,61,7,33,0.62,53
2014-12-30,良,69,26,40,85,8,45,0.66,52
2014-12-31,良,70,190,41,88,7,45,0.69,41
2015-01-06,轻度污染,133,329,99,165,10,55,1.10,64
2015-01-07,良,61,93,43,45,4,33,0.81,27
2015-01-08,优,50,28,31,50,9,24,0.74,59
2015-01-09,良,76,95,54,85,11,41,0.73,71
2015-01-10,良,76,85,54,91,17,53,0.79,62
2015-01-11,良,67,92,43,77,12,40,0.65,73
2015-01-12,良,64,123,36,69,11,20,0.57,96
2015-01-13,优,25,13,12,8,2,31,0.55,39
2015-01-14,优,25,8,12,19,2,18,0.56,46
2015-01-15,优,32,7,18,30,3,24,0.56,49
2015-01-16,良,57,43,31,64,6,44,0.76,39
2015-01-17,轻度污染,101,189,74,105,10,31,0.81,81
2015-01-18,轻度污染,128,257,96,127,10,43,0.92,68
2015-01-19,良,94,181,65,102,10,38,0.77,81
2015-01-20,良,78,102,40,105,11,48,0.72,62
2015-01-21,良,74,96,47,97,7,47,0.79,53
2015-01-22,良,83,116,58,106,11,45,0.84,74
2015-01-23,轻度污染,104,125,77,111,11,49,1.03,78
2015-01-24,良,88,96,63,95,7,52,0.93,54
2015-01-25,良,69,52,47,77,5,54,0.85,43
2015-01-26,良,100,133,73,95,6,52,0.95,31
2015-01-27,轻度污染,107,276,79,80,5,35,0.94,68
2015-01-28,优,46,124,30,42,3,21,0.68,52
2015-01-29,良,53,128,30,55,7,41,0.65,35
2015-01-30,优,34,24,18,33,5,41,0.56,14
2015-01-31,良,53,95,37,49,6,24,0.67,31
2015-02-01,良,67,129,48,68,8,28,0.89,50
2015-02-02,良,61,63,40,69,5,45,0.81,19
2015-02-03,良,59,57,39,67,5,49,0.86,12
2015-02-04,优,33,11,21,30,4,36,0.63,18
2015-02-05,良,54,72,38,51,7,39,0.90,38
2015-02-06,良,86,152,63,86,12,36,0.83,73
2015-02-07,良,77,109,55,85,9,58,0.81,29
2015-02-08,良,83,222,60,79,10,33,0.76,84
2015-02-09,良,53,50,28,49,7,17,0.50,87
2015-02-10,优,50,35,27,51,7,34,0.60,67
2015-02-11,良,76,90,54,90,9,44,0.71,58
2015-02-12,良,84,137,55,100,10,44,0.82,70
2015-02-13,良,79,122,46,106,9,41,0.75,79
2015-02-14,良,74,79,48,95,7,39,0.86,77
2015-02-15,良,76,107,55,82,4,44,0.96,40
2015-02-16,良,52,27,33,46,2,26,0.82,61
2015-02-17,良,81,151,59,83,4,20,1.00,101
2015-02-18,良,92,200,66,109,6,15,1.06,107
2015-02-19,良,85,132,50,98,15,13,0.73,125
2015-02-20,优,47,93,24,44,3,21,0.67,65
2015-02-21,良,54,140,36,50,3,35,0.78,25
2015-02-22,优,33,16,22,24,2,21,0.78,35
2015-02-23,优,24,8,16,19,2,21,0.94,32
2015-02-24,优,32,20,16,22,2,18,0.89,53
2015-02-25,优,37,46,20,29,3,23,0.72,64
2015-02-26,优,36,43,16,24,2,24,0.63,52
2015-02-27,优,36,67,9,14,2,20,0.53,69
2015-02-28,优,37,107,16,27,3,27,0.65,50
2015-03-01,优,20,5,9,14,3,18,0.58,40
2015-03-02,良,51,69,33,49,6,22,0.56,70
2015-03-03,良,69,153,48,73,6,40,0.82,29
2015-03-04,优,43,76,28,33,3,19,0.67,63
2015-03-05,优,36,53,20,29,3,27,0.69,44
2015-03-06,优,35,46,23,29,3,32,0.64,29
2015-03-07,优,36,27,21,30,4,32,0.68,27
2015-03-08,优,49,82,30,48,4,39,0.94,21
2015-03-09,良,58,126,36,52,5,25,1.04,58
2015-03-10,良,58,147,36,58,3,16,0.62,80
2015-03-11,优,46,63,30,42,3,34,0.79,55
2015-03-12,良,57,103,30,63,6,33,0.70,75
2015-03-13,良,65,132,34,78,8,49,0.72,54
2015-03-14,良,68,107,39,85,10,53,0.79,48
2015-03-15,良,70,100,49,78,6,54,0.70,36
2015-03-16,良,56,69,34,59,7,48,0.77,39
2015-03-17,良,63,124,37,72,6,44,0.80,50
2015-03-18,良,75,223,42,91,7,43,0.89,46
2015-03-19,良,80,209,43,96,7,40,0.94,71
2015-03-20,良,62,132,31,64,9,40,0.90,84
2015-03-21,良,53,49,31,55,5,35,0.79,56
2015-03-22,良,60,68,38,65,8,25,0.70,103
2015-03-23,良,76,225,30,81,7,24,0.57,116
2015-03-24,优,48,68,13,38,5,17,0.48,95
2015-03-25,优,49,67,15,35,5,24,0.53,85
2015-03-26,优,47,60,24,47,5,44,0.75,46
2015-03-27,优,40,30,21,36,5,31,0.72,61
2015-03-28,良,55,64,31,55,8,40,0.72,73
2015-03-29,良,66,99,35,77,13,51,0.76,67
2015-03-30,良,67,138,32,83,9,45,0.70,73
2015-03-31,良,75,188,39,98,7,45,0.82,46
2015-04-01,良,69,213,33,84,8,33,0.73,60
2015-04-02,良,69,252,29,86,7,31,0.65,60
2015-04-03,良,61,152,29,71,7,27,0.65,55
2015-04-04,良,71,203,42,87,8,30,0.68,59
2015-04-05,良,89,259,59,120,8,32,0.77,80
2015-04-06,良,97,301,69,116,8,36,0.94,56
2015-04-07,优,40,82,9,14,2,15,0.63,80
2015-04-08,优,38,54,15,22,3,16,0.56,72
2015-04-09,优,43,54,27,37,3,32,0.79,57
2015-04-10,优,28,21,16,25,3,34,0.82,38
2015-04-11,良,51,76,35,47,3,37,0.75,50
2015-04-12,良,63,136,35,74,9,43,0.81,64
2015-04-13,良,74,263,32,95,6,39,0.63,66
2015-04-14,良,65,104,22,72,8,28,0.40,92
2015-04-15,良,78,140,38,91,12,51,0.56,91
2015-04-16,良,89,158,45,108,11,55,0.67,101
2015-04-17,良,90,161,62,117,9,57,0.74,68
2015-04-18,良,99,253,64,122,9,52,0.78,43
2015-04-19,良,81,279,41,110,6,40,0.69,41
2015-04-20,良,55,142,31,54,3,36,0.77,34
2015-04-21,优,42,40,17,34,3,21,0.61,84
2015-04-22,良,68,175,30,67,6,35,0.77,94
2015-04-23,良,62,99,29,69,9,47,0.66,80
2015-04-24,良,59,86,24,56,8,35,0.63,82
2015-04-25,良,58,57,22,49,8,26,0.71,94
2015-04-26,良,66,77,24,68,8,28,0.62,108
2015-04-27,良,80,175,46,105,11,40,0.71,93
2015-04-28,良,57,71,35,54,3,39,0.83,50
2015-04-29,良,57,81,26,64,6,31,0.75,79
2015-04-30,良,98,256,63,88,6,23,0.68,148
2015-05-01,良,81,226,51,80,5,31,0.70,106
2015-05-02,良,69,253,36,81,5,31,0.72,51
2015-05-03,良,63,157,32,63,4,23,0.64,70
2015-05-04,良,69,202,34,49,3,20,0.64,123
2015-05-05,良,63,120,27,48,3,26,0.68,103
2015-05-06,良,71,152,48,87,5,51,0.95,52
2015-05-07,良,82,192,46,97,7,49,1.06,64
2015-05-08,良,76,254,53,91,6,41,0.83,98
2015-05-09,良,78,281,51,95,5,44,0.92,62
2015-05-10,良,58,137,16,37,3,22,0.54,98
2015-05-11,良,62,251,28,66,5,34,0.62,71
2015-05-12,良,51,108,8,31,5,18,0.46,99
2015-05-13,良,85,262,30,81,10,37,0.61,107
2015-05-14,良,88,262,46,111,9,45,0.75,94
2015-05-15,良,70,236,32,85,8,34,0.65,65
2015-05-16,良,64,148,25,57,6,30,0.64,75
2015-05-17,优,47,74,24,41,3,25,0.74,67
2015-05-18,良,58,116,30,65,5,30,0.72,26
2015-05-19,优,42,69,23,41,4,36,0.72,6
2015-05-20,优,44,79,26,43,4,34,0.76,38
2015-05-21,良,53,114,12,26,2,20,0.62,100
2015-05-22,优,45,69,17,32,3,36,0.75,56
2015-05-23,优,41,57,23,43,3,52,0.95,22
2015-05-24,优,28,10,13,25,3,29,0.86,49
2015-05-25,良,54,86,31,57,3,40,0.86,51
2015-05-26,良,51,82,27,52,4,48,0.77,31
2015-05-27,良,58,123,35,64,4,48,0.88,33
2015-05-28,良,59,142,31,68,4,35,0.95,49
2015-05-29,良,57,171,27,62,3,25,0.76,61
2015-05-30,良,54,143,25,59,3,33,0.78,30
2015-05-31,优,36,17,20,35,3,26,0.70,41
2015-06-01,优,40,51,19,42,4,26,0.63,55
2015-06-02,良,51,140,19,53,4,23,0.57,36
2015-06-03,良,55,199,23,59,5,24,0.57,50
2015-06-04,优,35,32,13,20,3,32,0.59,47
2015-06-05,优,48,92,25,51,5,54,0.89,23
2015-06-06,优,35,29,20,32,3,31,0.75,54
2015-06-07,良,60,185,33,65,5,29,0.83,67
2015-06-08,良,57,207,28,62,5,27,0.74,43
2015-06-09,良,57,163,26,60,6,26,0.64,56
2015-06-10,良,51,117,24,48,5,23,0.57,51
2015-06-11,优,40,60,16,36,3,24,0.60,54
2015-06-12,优,39,45,14,35,4,24,0.65,67
2015-06-13,优,49,126,21,48,4,21,0.60,72
2015-06-14,优,45,105,16,44,5,26,0.59,43
2015-06-15,良,51,128,20,53,5,22,0.60,46
2015-06-16,良,57,154,22,61,6,23,0.64,54
2015-06-17,良,60,192,25,68,7,25,0.63,59
2015-06-18,良,64,235,29,69,6,32,0.65,51
2015-06-19,优,29,22,11,26,3,24,0.58,56
2015-06-20,优,40,56,18,39,4,27,0.68,49
2015-06-21,优,35,48,13,33,2,21,0.59,49
2015-06-22,良,52,131,22,56,5,32,0.70,36
2015-06-23,优,45,108,16,46,4,28,0.70,25
2015-06-24,优,37,111,13,36,4,25,0.65,23
2015-06-25,优,41,134,13,41,4,17,0.59,30
2015-06-26,良,51,172,19,53,5,15,0.61,39
2015-06-27,优,49,188,18,51,5,14,0.66,41
2015-06-28,良,56,223,24,61,4,18,0.68,57
2015-06-29,良,64,268,32,75,5,21,0.76,71
2015-06-30,良,62,275,30,72,5,18,0.75,71
2015-07-01,良,63,257,33,74,5,20,0.78,67
2015-07-02,良,52,169,28,55,4,21,0.70,41
2015-07-03,优,35,41,20,32,3,32,0.71,24
2015-07-04,优,26,9,7,18,3,18,0.68,53
2015-07-05,优,33,44,9,21,2,13,0.66,64
2015-07-06,优,29,16,5,17,2,13,0.63,54
2015-07-07,优,29,11,10,27,3,30,0.73,29
2015-07-08,优,21,1,7,20,2,17,0.66,33
2015-07-09,优,21,3,6,19,2,8,0.46,23
2015-07-10,优,34,44,10,33,3,16,0.53,31
2015-07-11,优,36,66,12,34,3,14,0.52,43
2015-07-12,优,42,84,16,43,4,19,0.50,49
2015-07-13,良,59,104,26,63,6,26,0.57,68
2015-07-14,良,62,111,31,71,5,27,0.59,61
2015-07-15,良,59,163,36,67,5,19,0.53,62
2015-07-16,良,55,157,33,58,5,18,0.48,70
2015-07-17,良,52,153,29,55,5,19,0.53,54
2015-07-18,优,40,48,18,39,3,14,0.46,42
2015-07-19,优,34,25,13,33,3,12,0.49,38
2015-07-20,优,18,3,6,15,3,18,0.49,22
2015-07-21,优,19,3,8,17,3,21,0.53,19
2015-07-22,优,28,32,11,27,3,19,0.52,34
2015-07-23,优,24,14,11,23,4,16,0.50,28
2015-07-24,优,31,50,12,30,4,15,0.52,28
2015-07-25,优,38,72,13,38,7,16,0.51,35
2015-07-26,优,47,115,19,48,5,14,0.51,42
2015-07-27,良,56,168,25,61,5,18,0.55,60
2015-07-28,良,52,161,25,54,4,25,0.59,50
2015-07-29,良,54,184,25,57,5,26,0.62,55
2015-07-30,良,55,212,25,58,5,21,0.65,60
2015-07-31,良,62,277,29,69,6,24,0.69,61
2015-08-01,良,69,276,37,86,5,26,0.71,63
2015-08-02,良,67,281,36,79,6,26,0.65,73
2015-08-03,良,64,278,35,72,6,25,0.63,76
2015-08-04,良,65,288,38,73,6,22,0.65,78
2015-08-05,良,51,147,29,53,6,20,0.57,63
2015-08-06,优,42,80,27,37,4,13,0.50,38
2015-08-07,优,29,18,9,28,4,9,0.50,17
2015-08-08,优,20,7,6,18,3,4,0.43,31
2015-08-09,优,29,43,15,11,4,10,0.47,49
2015-08-10,优,36,116,18,27,5,22,0.48,49
2015-08-11,优,40,117,24,35,6,22,0.51,35
2015-08-12,优,49,132,22,50,6,25,0.51,51
2015-08-13,优,42,67,22,41,4,26,0.49,42
2015-08-14,优,39,58,18,37,4,26,0.48,38
2015-08-15,优,41,100,19,40,6,21,0.53,49
2015-08-16,优,37,56,14,35,4,22,0.56,49
2015-08-17,优,39,79,15,35,4,20,0.58,55
2015-08-18,优,39,66,15,39,4,25,0.61,44
2015-08-19,优,47,125,25,48,4,30,0.80,52
2015-08-20,优,44,111,22,44,4,20,0.65,40
2015-08-21,优,27,8,9,26,4,11,0.44,23
2015-08-22,优,20,2,7,19,3,8,0.41,26
2015-08-23,优,25,11,8,24,4,15,0.47,28
2015-08-24,优,37,62,13,36,5,18,0.53,40
2015-08-25,优,47,110,19,47,5,21,0.58,63
2015-08-26,良,52,112,22,55,6,24,0.62,62
2015-08-27,良,51,117,24,54,5,22,0.62,55
2015-08-28,良,52,129,27,55,4,25,0.70,47
2015-08-29,优,37,75,19,36,3,23,0.74,50
2015-08-30,优,41,84,19,40,3,27,0.74,42
2015-08-31,优,38,65,20,37,3,25,0.70,44
2015-09-01,优,38,71,20,37,3,36,0.79,29
2015-09-02,优,30,50,13,30,3,30,0.76,27
2015-09-03,优,37,85,14,40,3,19,0.55,35
2015-09-04,优,34,63,16,34,3,23,0.58,29
2015-09-05,优,37,78,15,36,4,24,0.63,35
2015-09-06,优,44,130,19,42,4,24,0.68,38
2015-09-07,优,45,109,20,43,3,18,0.66,74
2015-09-08,优,43,73,19,37,3,16,0.61,77
2015-09-09,优,34,53,12,29,3,17,0.51,64
2015-09-10,优,42,126,16,38,3,17,0.50,78
2015-09-11,优,47,167,17,38,4,17,0.51,88
2015-09-12,良,51,184,23,48,4,19,0.59,86
2015-09-13,良,54,163,34,53,5,18,0.78,76
2015-09-14,优,49,70,25,48,4,20,0.67,72
2015-09-15,优,50,99,24,52,4,21,0.65,51
2015-09-16,优,33,16,15,32,3,23,0.65,43
2015-09-17,良,51,83,23,47,4,22,0.75,74
2015-09-18,良,52,94,24,52,4,21,0.60,86
2015-09-19,良,60,186,39,65,5,22,0.65,76
2015-09-20,优,47,110,32,35,3,47,0.85,38
2015-09-21,优,23,11,11,19,3,36,0.80,40
2015-09-22,优,37,60,16,34,3,35,0.76,47
2015-09-23,良,58,225,31,64,5,32,0.76,59
2015-09-24,优,42,107,22,42,4,25,0.73,49
2015-09-25,良,54,199,25,60,5,32,0.73,49
2015-09-26,优,43,108,21,40,4,21,0.65,63
2015-09-27,良,53,143,29,58,5,19,0.75,73
2015-09-28,优,43,97,21,43,4,16,0.70,53
2015-09-29,优,28,21,9,17,2,9,0.72,56
2015-09-30,优,33,40,14,29,4,41,1.06,31
2015-10-01,优,43,95,24,41,4,26,0.99,36
2015-10-02,优,48,84,19,52,4,19,0.80,62
2015-10-03,良,55,122,28,62,5,27,0.83,41
2015-10-04,优,31,26,12,30,4,26,0.76,33
2015-10-05,优,37,65,16,37,4,27,0.75,32
2015-10-06,优,41,82,19,40,4,26,0.58,41
2015-10-07,优,38,69,14,37,4,29,0.56,47
2015-10-08,优,39,88,16,34,4,29,0.65,57
2015-10-09,优,32,35,9,19,3,23,0.64,55
2015-10-10,优,48,154,22,49,6,37,0.74,30
2015-10-11,优,48,148,24,53,6,24,0.54,63
2015-10-12,良,59,154,32,66,8,27,0.63,86
2015-10-13,良,80,195,58,95,9,29,0.77,112
2015-10-14,良,73,119,50,80,7,27,0.74,98
2015-10-15,良,58,53,36,59,6,27,0.66,76
2015-10-16,优,50,32,24,51,5,27,0.60,63
2015-10-17,优,44,21,22,39,5,13,0.48,79
2015-10-18,优,39,36,16,37,4,13,0.45,67
2015-10-19,优,39,28,17,37,4,14,0.49,59
2015-10-20,优,30,6,16,25,3,14,0.58,54
2015-10-21,优,30,4,13,28,4,15,0.54,54
2015-10-22,优,41,33,20,40,5,17,0.59,53
2015-10-23,良,53,52,31,54,5,24,0.69,52
2015-10-24,优,46,49,25,46,5,21,0.62,56
2015-10-25,优,39,40,21,37,4,16,0.52,66
2015-10-26,优,50,93,28,53,5,25,0.62,60
2015-10-27,良,63,218,39,74,7,33,0.73,55
2015-10-28,优,38,51,23,35,4,25,0.99,42
2015-10-29,良,70,242,47,80,5,39,1.01,44
2015-10-30,优,46,109,28,39,4,37,0.93,32
2015-10-31,优,26,23,9,19,4,18,0.58,47
2015-11-01,优,29,39,12,28,4,28,0.54,27
2015-11-02,优,34,21,17,33,5,24,0.61,41
2015-11-03,良,62,91,39,64,7,27,0.69,65
2015-11-04,优,50,50,24,52,5,37,0.66,37
2015-11-05,优,39,41,19,39,5,34,0.78,24
2015-11-06,优,41,113,13,40,4,33,0.75,25
2015-11-07,优,44,137,16,45,5,32,0.73,40
2015-11-08,良,59,175,32,64,6,34,0.85,37
2015-11-09,优,26,12,8,13,3,49,1.33,19
2015-11-10,优,34,25,22,31,3,20,0.99,58
2015-11-11,优,35,38,21,33,3,34,0.74,51
2015-11-12,优,28,47,15,25,3,40,0.75,36
2015-11-13,优,38,77,16,37,4,36,0.77,40
2015-11-14,优,37,51,16,36,4,34,0.72,38
2015-11-15,优,43,48,20,43,4,31,0.80,47
2015-11-16,良,55,134,25,58,5,42,0.87,44
2015-11-17,良,67,223,41,83,7,45,0.95,42
2015-11-18,良,62,248,34,71,6,46,0.88,44
2015-11-19,优,40,72,17,36,4,25,0.85,52
2015-11-20,优,50,83,27,52,4,33,0.79,55
2015-11-21,优,44,79,23,43,4,30,0.71,51
2015-11-22,优,34,56,12,29,4,29,0.67,51
2015-11-23,优,42,145,18,41,5,30,0.64,52
2015-11-24,优,34,103,12,25,4,16,0.63,67
2015-11-25,优,37,79,13,32,4,27,0.71,40
2015-11-26,优,30,18,17,25,4,17,0.49,53
2015-11-27,优,36,21,17,34,6,20,0.45,61
2015-11-28,良,56,76,29,63,7,40,0.64,44
2015-11-29,良,53,63,33,54,5,46,0.85,25
2015-11-30,优,40,28,24,36,4,39,0.75,25
2015-12-01,优,47,41,22,50,4,44,0.81,26
2015-12-02,良,55,106,28,61,6,45,0.81,30
2015-12-03,优,39,75,18,40,5,27,0.69,44
2015-12-04,良,59,179,26,66,8,24,0.65,59
2015-12-05,优,42,98,21,41,6,28,0.60,41
2015-12-06,优,22,20,8,20,3,30,0.66,31
2015-12-07,优,34,33,18,31,5,22,0.62,63
2015-12-08,优,36,26,12,31,9,18,0.42,70
2015-12-09,优,26,25,12,19,3,38,0.61,37
2015-12-10,优,22,9,9,13,3,22,0.58,41
2015-12-11,优,34,37,21,33,4,29,0.73,33
2015-12-12,良,56,112,39,60,6,33,0.79,38
2015-12-13,良,71,162,48,83,6,51,0.90,27
2015-12-14,优,36,36,23,34,5,42,0.92,21
2015-12-15,优,34,30,22,33,5,31,0.92,28
2015-12-16,良,73,287,53,68,8,24,0.90,61
2015-12-17,良,51,121,29,52,10,20,0.52,65
2015-12-18,良,54,86,28,58,7,36,0.63,44
2015-12-19,优,44,46,21,45,5,33,0.59,44
2015-12-20,良,66,71,28,83,5,45,0.79,28
2015-12-21,良,67,76,42,78,6,48,0.99,17
2015-12-22,良,51,37,29,50,5,46,1.11,14
2015-12-23,优,45,32,25,44,5,50,1.25,13
2015-12-24,优,36,26,20,32,4,48,1.30,14
2015-12-25,优,20,1,10,14,4,36,0.98,29
2015-12-26,优,42,47,28,41,5,40,1.13,24
2015-12-27,优,38,47,24,32,5,38,1.17,25
2015-12-28,良,53,77,33,53,7,27,0.79,60
2015-12-29,良,65,90,39,71,6,28,0.69,57
2015-12-30,良,61,85,39,61,6,37,0.83,39
2015-12-31,良,74,105,51,80,8,31,0.84,66
2016-01-01,轻度污染,102,149,76,103,8,41,1.02,52
2016-01-02,良,77,79,50,97,8,50,1.02,34
2016-01-03,良,87,104,60,116,8,64,1.19,23
2016-01-04,良,80,139,56,101,8,57,1.04,35
2016-01-05,良,57,135,39,58,6,54,1.10,20
2016-01-06,优,25,2,11,17,4,29,0.69,45
2016-01-07,优,39,45,22,36,5,24,0.69,56
2016-01-08,良,65,142,43,67,6,38,0.87,39
2016-01-09,良,55,84,38,53,6,28,0.92,48
2016-01-10,良,67,132,47,76,6,48,1.11,24
2016-01-11,优,36,63,24,32,4,42,1.00,22
2016-01-12,优,32,29,22,21,4,26,0.73,40
2016-01-13,优,50,86,34,47,5,28,0.81,36
2016-01-14,良,64,106,45,60,5,32,0.95,38
2016-01-15,良,76,140,55,70,6,50,1.12,20
2016-01-16,良,74,133,53,70,6,53,1.28,13
2016-01-17,优,46,82,30,44,4,36,1.13,27
2016-01-18,优,34,15,18,31,5,21,0.86,59
2016-01-19,轻度污染,117,238,88,105,7,25,1.01,75
2016-01-20,良,77,170,56,66,7,34,0.93,51
2016-01-21,优,23,12,10,12,4,41,0.76,29
2016-01-22,优,22,23,6,8,4,34,0.60,36
2016-01-23,优,24,15,11,16,6,22,0.72,39
2016-01-24,优,39,35,16,35,7,12,0.50,66
2016-01-25,优,40,23,13,39,7,18,0.46,60
2016-01-26,优,47,45,23,49,7,45,0.62,36
2016-01-27,优,36,32,23,27,5,45,0.81,21
2016-01-28,优,45,75,29,44,6,45,1.51,18
2016-01-29,优,44,91,29,42,7,58,1.82,16
2016-01-30,优,25,6,15,18,5,35,0.78,25
2016-01-31,优,32,23,20,30,4,22,0.68,47
2016-02-01,优,26,39,8,10,4,21,0.73,55
2016-02-02,优,34,32,20,25,5,14,0.71,62
2016-02-03,优,43,23,29,40,6,22,0.76,47
2016-02-04,优,41,26,25,40,6,30,0.75,43
2016-02-05,优,34,13,24,31,5,27,0.81,38
2016-02-06,优,48,61,32,49,8,19,0.74,72
2016-02-07,良,78,155,56,81,12,18,0.80,82
2016-02-08,轻度污染,115,114,85,122,17,23,0.70,63
2016-02-09,良,59,67,39,57,6,23,0.60,61
2016-02-10,优,45,28,26,43,6,20,0.58,71
2016-02-11,优,40,23,26,35,4,27,0.71,50
2016-02-12,优,32,11,18,27,4,20,0.66,41
2016-02-13,优,33,41,18,32,5,25,0.80,33
2016-02-14,优,26,12,14,13,4,18,1.16,35
2016-02-15,优,26,15,11,17,4,13,0.64,48
2016-02-16,优,36,31,22,30,5,13,0.63,67
2016-02-17,优,38,17,21,33,6,21,0.61,65
2016-02-18,优,43,23,24,41,7,32,0.69,58
2016-02-19,优,50,48,33,47,6,43,0.84,34
2016-02-20,良,64,143,43,66,7,29,0.81,57
2016-02-21,良,93,210,36,133,8,16,0.55,97
2016-02-22,良,63,110,39,66,5,30,0.70,56
2016-02-23,优,37,45,24,27,4,28,0.71,46
2016-02-24,良,59,138,35,63,5,16,0.68,76
2016-02-25,良,61,125,35,64,7,17,0.60,97
2016-02-26,良,60,142,33,64,8,40,0.69,62
2016-02-27,优,37,26,22,38,7,33,0.59,42
2016-02-28,良,56,91,32,57,7,43,0.77,35
2016-02-29,良,96,271,68,92,6,31,0.81,63
2016-03-01,良,60,81,39,65,8,23,0.65,97
2016-03-02,良,63,60,38,60,7,36,0.66,68
2016-03-03,良,51,27,21,54,7,41,0.61,52
2016-03-04,良,65,79,38,78,11,50,0.75,58
2016-03-05,良,70,82,45,87,11,53,0.75,59
2016-03-06,良,64,68,43,67,7,45,0.77,58
2016-03-07,良,54,62,32,55,8,44,0.65,46
2016-03-08,良,67,227,44,77,8,52,0.84,38
2016-03-09,优,39,111,20,26,4,26,0.66,49
2016-03-10,优,30,46,6,10,4,20,0.52,56
2016-03-11,优,40,49,24,36,7,20,0.59,75
2016-03-12,良,63,99,42,58,7,41,0.79,62
2016-03-13,优,47,71,30,36,5,53,1.07,25
2016-03-14,优,45,50,27,43,6,28,0.75,79
2016-03-15,良,76,113,54,85,7,24,0.78,97
2016-03-16,良,77,144,56,89,7,50,0.99,37
2016-03-17,良,66,104,44,67,6,63,1.19,32
2016-03-18,良,56,56,35,62,6,65,1.40,29
2016-03-19,良,89,180,65,91,8,46,1.39,65
2016-03-20,良,54,50,37,51,6,40,0.78,64
2016-03-21,优,48,74,30,47,6,43,0.81,58
2016-03-22,良,58,124,32,65,6,57,0.87,37
2016-03-23,优,36,48,21,27,5,45,0.83,38
2016-03-24,优,37,52,17,32,5,22,0.58,65
2016-03-25,优,44,37,22,44,8,22,0.64,73
2016-03-26,良,64,132,38,73,10,30,0.67,95
2016-03-27,良,73,178,50,84,11,33,0.75,95
2016-03-28,良,66,90,46,72,8,36,0.66,86
2016-03-29,良,76,154,50,97,10,58,0.73,61
2016-03-30,轻度污染,101,257,74,135,16,77,1.08,27
2016-03-31,良,85,202,60,84,7,48,1.02,58
2016-04-01,良,74,119,48,75,7,40,0.86,75
2016-04-02,良,70,144,43,87,6,48,0.92,64
2016-04-03,轻度污染,102,335,75,132,6,72,1.44,35
2016-04-04,良,53,123,37,45,3,40,1.17,38
2016-04-05,优,45,63,23,43,4,36,0.79,51
2016-04-06,良,58,198,27,66,5,35,0.70,48
2016-04-07,良,64,197,32,75,7,33,0.79,47
2016-04-08,优,44,62,23,44,5,37,0.80,31
2016-04-09,优,31,18,14,28,3,36,0.56,40
2016-04-10,优,27,6,12,22,3,44,0.66,35
2016-04-11,优,26,3,10,22,3,34,0.71,47
2016-04-12,优,40,33,17,39,4,35,0.58,57
2016-04-13,优,42,30,23,41,4,51,0.75,38
2016-04-14,优,44,40,26,44,4,40,0.71,56
2016-04-15,良,58,106,29,55,4,39,0.63,79
2016-04-16,良,67,251,36,78,4,53,1.09,27
2016-04-17,良,54,155,26,51,4,30,1.15,72
2016-04-18,优,42,59,10,19,3,26,0.79,78
2016-04-19,优,46,33,18,40,4,25,0.61,82
2016-04-20,良,61,215,26,71,6,45,0.71,56
2016-04-21,良,67,188,33,83,5,42,0.83,47
2016-04-22,优,48,71,22,46,6,30,0.76,62
2016-04-23,良,55,160,27,65,6,46,0.74,40
2016-04-24,优,33,21,16,26,3,29,0.60,49
2016-04-25,优,38,35,13,24,3,29,0.63,68
2016-04-26,优,48,94,26,49,3,37,0.71,55
2016-04-27,优,40,24,16,35,3,34,0.78,55
2016-04-28,优,48,43,26,47,4,19,0.73,91
2016-04-29,良,70,138,41,79,7,22,0.68,122
2016-04-30,良,86,230,62,115,8,42,0.96,92
2016-05-01,良,76,177,53,93,5,47,0.99,50
2016-05-02,良,65,180,38,79,4,31,0.86,64
2016-05-03,优,47,65,18,45,3,26,0.64,74
2016-05-04,良,68,177,28,83,5,28,0.61,72
2016-05-05,良,68,195,34,83,5,24,0.59,56
2016-05-06,良,60,111,32,68,5,22,0.59,53
2016-05-07,优,46,87,18,43,4,21,0.62,77
2016-05-08,优,50,126,28,54,4,29,0.70,53
2016-05-09,良,71,264,42,91,5,35,0.78,40
2016-05-10,优,41,63,18,40,4,23,0.80,39
2016-05-11,优,50,44,24,40,3,15,0.79,102
2016-05-12,良,56,50,27,58,6,24,0.69,88
2016-05-13,良,51,92,24,52,4,19,0.61,69
2016-05-14,良,56,137,31,61,5,27,0.70,52
2016-05-15,良,55,222,25,54,5,23,0.71,65
2016-05-16,优,38,28,11,20,3,12,0.73,76
2016-05-17,良,56,64,18,40,5,15,0.65,106
2016-05-18,良,58,57,22,53,6,24,0.64,98
2016-05-19,良,60,85,34,68,6,32,0.82,66
2016-05-20,良,52,116,29,55,4,33,0.68,60
2016-05-21,优,49,157,30,44,4,49,0.90,29
2016-05-22,优,34,38,19,32,4,45,0.96,30
2016-05-23,优,29,22,15,26,3,33,0.74,42
2016-05-24,优,47,73,21,46,5,25,0.73,60
2016-05-25,良,72,239,49,89,7,31,0.82,85
2016-05-26,良,73,273,45,90,6,33,0.85,83
2016-05-27,良,58,200,31,67,7,27,0.68,61
2016-05-28,优,38,66,14,37,5,19,0.51,45
2016-05-29,优,40,62,17,39,4,18,0.57,44
2016-05-30,优,41,51,23,40,3,25,0.96,59
2016-05-31,良,63,177,37,70,4,21,1.06,86
2016-06-01,良,61,222,29,67,5,23,0.68,76
2016-06-02,优,39,67,10,24,3,16,0.56,74
2016-06-03,优,47,138,20,43,4,23,0.68,76
2016-06-04,优,44,108,17,42,5,21,0.64,55
2016-06-05,优,46,86,23,40,4,24,0.83,67
2016-06-06,良,53,100,30,54,4,20,0.87,73
2016-06-07,良,55,141,31,57,4,15,0.68,81
2016-06-08,良,51,108,29,53,5,18,0.64,71
2016-06-09,优,49,111,23,42,4,14,0.62,72
2016-06-10,优,33,50,13,27,3,11,0.55,60
2016-06-11,优,30,39,12,22,5,18,0.55,52
2016-06-12,优,29,46,13,24,4,21,0.64,45
2016-06-13,优,26,17,12,20,3,22,0.72,44
2016-06-14,优,26,10,11,22,4,28,0.66,41
2016-06-15,优,44,121,16,44,4,24,0.70,47
2016-06-16,优,44,93,18,44,4,19,0.60,44
2016-06-17,优,37,49,15,30,6,31,0.73,59
2016-06-18,优,36,77,17,34,4,32,0.77,37
2016-06-19,优,40,119,15,39,4,22,0.66,48
2016-06-20,优,38,114,11,37,4,15,0.52,41
2016-06-21,优,45,133,15,45,5,15,0.53,52
2016-06-22,良,60,243,25,62,5,23,0.64,68
2016-06-23,良,62,283,24,64,5,20,0.63,79
2016-06-24,良,58,282,25,62,6,22,0.62,71
2016-06-25,良,60,261,27,61,5,22,0.62,75
2016-06-26,优,47,143,20,42,4,20,0.61,73
2016-06-27,优,48,148,19,49,5,24,0.66,67
2016-06-28,优,45,124,18,45,5,22,0.64,37
2016-06-29,优,40,118,14,39,5,19,0.65,37
2016-06-30,优,32,80,11,30,5,20,0.58,47
2016-07-01,优,44,195,13,43,5,19,0.56,50
2016-07-02,优,44,162,14,44,5,16,0.53,52
2016-07-03,优,45,160,16,46,6,17,0.56,56
2016-07-04,优,39,141,13,38,5,15,0.54,47
2016-07-05,优,40,142,12,37,5,16,0.57,47
2016-07-06,优,23,19,6,21,4,6,0.49,35
2016-07-07,优,22,14,6,18,4,7,0.49,38
2016-07-08,优,21,5,4,18,4,8,0.49,33
2016-07-09,优,22,22,4,13,4,7,0.53,44
2016-07-10,优,33,57,11,29,4,15,0.53,54
2016-07-11,优,35,57,14,30,4,17,0.60,55
2016-07-12,优,29,36,12,27,5,17,0.61,45
2016-07-13,优,32,56,12,30,4,15,0.53,49
2016-07-14,优,40,131,17,39,4,18,0.56,45
2016-07-15,优,42,151,15,43,4,17,0.54,50
2016-07-16,良,54,210,24,54,4,19,0.51,62
2016-07-17,优,40,101,16,36,3,28,0.60,44
2016-07-18,优,40,105,15,40,4,29,0.64,30
2016-07-19,优,50,195,18,50,5,21,0.53,54
2016-07-20,优,45,192,16,45,5,19,0.51,46
2016-07-21,良,57,259,23,59,6,24,0.59,69
2016-07-22,良,64,274,30,75,7,25,0.66,89
2016-07-23,良,78,308,44,92,6,24,0.70,100
2016-07-24,良,76,293,48,83,5,22,0.66,89
2016-07-25,良,55,165,24,53,5,21,0.54,72
2016-07-26,良,55,164,26,61,6,20,0.55,73
2016-07-27,良,73,274,40,87,6,27,0.69,79
2016-07-28,良,61,179,30,66,5,25,0.65,76
2016-07-29,良,69,222,35,70,7,28,0.70,92
2016-07-30,良,51,116,26,50,6,15,0.63,63
2016-07-31,优,31,33,14,28,4,7,0.48,49
2016-08-01,优,26,12,12,22,3,6,0.50,40
2016-08-02,优,32,53,11,30,4,12,0.55,51
2016-08-03,优,42,160,14,42,6,16,0.55,53
2016-08-04,优,49,206,22,46,5,22,0.60,64
2016-08-05,优,49,193,23,50,5,26,0.64,50
2016-08-06,良,57,229,25,55,5,28,0.69,65
2016-08-07,优,47,197,22,45,4,17,0.56,63
2016-08-08,优,45,180,13,43,5,20,0.51,54
2016-08-09,优,49,184,17,50,5,31,0.58,39
2016-08-10,优,41,116,19,37,4,22,0.61,41
2016-08-11,优,28,21,8,26,3,13,0.55,26
2016-08-12,优,25,12,6,20,3,13,0.55,38
2016-08-13,优,22,5,8,19,3,17,0.60,39
2016-08-14,优,25,17,7,19,3,13,0.56,39
2016-08-15,优,18,3,5,15,3,8,0.51,34
2016-08-16,优,23,12,6,19,3,9,0.51,46
2016-08-17,优,32,53,12,30,4,17,0.59,51
2016-08-18,优,39,83,13,38,5,22,0.62,50
2016-08-19,良,51,201,20,52,5,21,0.62,53
2016-08-20,良,62,266,32,60,5,23,0.61,64
2016-08-21,良,54,154,25,50,5,19,0.61,65
2016-08-22,优,48,80,19,45,4,17,0.55,61
2016-08-23,优,43,57,16,40,5,17,0.53,66
2016-08-24,良,59,145,24,54,5,20,0.65,87
2016-08-25,良,60,212,24,63,7,24,0.66,78
2016-08-26,良,54,266,24,51,6,19,0.61,74
2016-08-27,良,51,183,23,48,5,18,0.63,88
2016-08-28,优,46,102,17,32,4,22,0.70,82
2016-08-29,良,62,188,21,50,5,23,0.64,109
2016-08-30,良,63,192,28,61,7,24,0.64,108
2016-08-31,良,65,172,41,71,7,26,0.67,93
2016-09-01,良,81,298,57,99,9,28,0.75,93
2016-09-02,良,54,158,32,54,4,24,0.71,65
2016-09-03,良,66,187,31,59,5,20,0.73,106
2016-09-04,良,59,150,27,48,4,11,0.61,105
2016-09-05,优,42,64,18,34,4,10,0.57,77
2016-09-06,优,40,67,15,36,4,12,0.55,67
2016-09-07,优,41,70,19,39,5,20,0.60,51
2016-09-08,优,38,56,16,32,4,20,0.72,62
2016-09-09,优,49,122,19,37,4,14,0.71,93
2016-09-10,优,48,155,23,40,4,13,0.70,84
2016-09-11,优,33,60,14,23,4,15,0.71,66
2016-09-12,优,37,59,7,19,4,16,0.70,71
2016-09-13,优,34,26,9,23,4,14,0.69,63
2016-09-14,优,19,3,7,13,3,3,0.51,34
2016-09-15,优,30,47,9,17,3,7,0.61,63
2016-09-16,优,45,145,20,43,4,14,0.66,76
2016-09-17,优,26,16,11,24,3,15,0.51,30
2016-09-18,优,25,17,7,23,4,13,0.52,30
2016-09-19,良,54,208,18,46,4,16,0.54,95
2016-09-20,良,54,150,21,47,5,17,0.54,99
2016-09-21,良,63,182,20,45,4,13,0.53,117
2016-09-22,优,47,47,17,38,4,16,0.52,86
2016-09-23,优,43,29,14,32,3,12,0.54,85
2016-09-24,良,52,75,17,38,3,13,0.56,101
2016-09-25,良,60,151,23,47,4,12,0.62,106
2016-09-26,优,40,41,18,38,3,15,0.56,59
2016-09-27,优,21,5,8,19,3,7,0.49,26
2016-09-28,优,38,124,18,21,3,7,0.72,67
2016-09-29,优,48,189,27,42,3,23,0.72,72
2016-09-30,优,41,111,20,40,3,19,0.59,55
2016-10-01,优,23,3,10,21,3,10,0.41,29
2016-10-02,优,21,6,8,20,3,11,0.37,26
2016-10-03,优,38,58,12,33,4,15,0.50,49
2016-10-04,优,38,39,17,34,4,21,0.59,56
2016-10-05,优,48,103,23,42,3,20,0.66,82
2016-10-06,优,38,55,11,21,3,11,0.50,73
2016-10-07,优,33,29,10,23,3,15,0.55,35
2016-10-08,优,37,106,15,31,4,17,0.62,41
2016-10-09,优,34,61,9,21,3,14,0.60,70
2016-10-10,优,30,35,15,27,4,25,0.61,45
2016-10-11,优,27,21,14,24,3,28,0.60,38
2016-10-12,优,33,35,9,22,3,16,0.45,63
2016-10-13,良,51,116,23,52,4,19,0.64,76
2016-10-14,良,51,117,23,53,4,20,0.64,67
2016-10-15,优,37,45,14,34,3,16,0.51,50
2016-10-16,优,23,3,9,20,3,14,0.51,37
2016-10-17,优,26,4,10,22,3,15,0.50,45
2016-10-18,优,29,18,7,17,3,23,0.69,49
2016-10-19,优,27,28,10,21,3,16,0.62,48
2016-10-20,优,23,9,10,20,3,8,0.47,36
2016-10-21,优,37,114,14,37,4,19,0.58,29
2016-10-22,优,43,180,18,44,4,24,0.63,37
2016-10-23,优,48,228,20,48,4,24,0.71,43
2016-10-24,优,39,111,14,33,4,34,0.68,41
2016-10-25,良,54,186,21,56,5,35,0.69,53
2016-10-26,良,60,233,25,67,5,34,0.66,60
2016-10-27,良,71,304,45,88,6,33,0.79,63
2016-10-28,良,70,324,47,88,5,28,0.78,62
2016-10-29,优,27,47,12,18,4,14,0.61,50
2016-10-30,优,33,50,12,29,4,12,0.53,61
2016-10-31,优,45,163,20,44,5,15,0.57,69
2016-11-01,优,34,56,17,27,4,9,0.58,61
2016-11-02,优,37,55,11,32,4,10,0.51,77
2016-11-03,优,47,78,21,45,5,17,0.52,80
2016-11-04,良,59,73,31,67,5,27,0.55,74
2016-11-05,良,60,61,33,69,6,32,0.63,60
2016-11-06,良,60,70,31,67,5,35,0.67,51
2016-11-07,良,53,86,25,57,5,33,0.63,46
2016-11-08,优,49,153,25,52,5,33,0.76,34
2016-11-09,优,32,75,12,26,4,18,0.61,46
2016-11-10,优,26,30,9,23,4,20,0.57,43
2016-11-11,优,40,44,16,39,5,24,0.60,58
2016-11-12,良,66,121,37,80,6,46,0.75,42
2016-11-13,良,65,98,38,77,6,42,0.84,43
2016-11-14,良,73,135,47,93,7,45,0.94,53
2016-11-15,良,82,192,59,73,5,31,0.94,74
2016-11-16,良,52,67,29,55,4,27,0.77,63
2016-11-17,良,54,86,26,58,4,34,0.74,58
2016-11-18,良,63,98,30,74,5,43,0.80,39
2016-11-19,良,73,150,43,95,8,54,0.93,30
2016-11-20,优,32,18,16,29,4,33,0.67,33
2016-11-21,优,40,77,20,40,4,42,0.74,23
2016-11-22,优,44,223,22,44,4,24,0.77,33
2016-11-23,优,23,64,7,11,3,16,0.58,43
2016-11-24,优,21,21,8,16,3,19,0.67,28
2016-11-25,优,30,37,16,28,3,29,0.81,29
2016-11-26,优,17,9,9,14,3,26,0.73,21
2016-11-27,优,19,6,8,17,3,24,0.76,20
2016-11-28,良,57,81,26,69,5,20,0.61,69
2016-11-29,良,58,86,27,67,5,20,0.55,64
2016-11-30,良,54,53,25,59,5,33,0.54,23
2016-12-01,良,52,87,32,53,4,29,0.63,27
2016-12-02,良,59,77,31,67,5,22,0.55,62
2016-12-03,良,64,67,29,78,6,41,0.57,40
2016-12-04,良,63,62,36,74,6,41,0.66,31
2016-12-05,良,73,110,48,93,6,49,0.75,29
2016-12-06,良,88,190,65,97,7,32,0.76,56
2016-12-07,良,65,54,41,73,5,30,0.61,74
2016-12-08,良,67,54,42,79,6,41,0.65,56
2016-12-09,良,61,65,39,68,6,29,0.58,70
2016-12-10,良,77,140,53,86,7,27,0.73,92
2016-12-11,优,47,27,22,45,5,17,0.45,69
2016-12-12,良,59,71,31,67,6,35,0.57,47
2016-12-13,良,62,112,37,67,5,40,0.56,36
2016-12-14,优,35,29,21,33,4,31,0.60,29
2016-12-15,优,40,42,23,40,4,22,0.60,40
2016-12-16,优,45,25,23,44,6,18,0.49,72
2016-12-17,良,68,73,42,78,7,41,0.76,49
2016-12-18,良,61,49,26,71,6,42,0.70,39
2016-12-19,良,65,57,30,78,5,42,0.79,33
2016-12-20,良,56,52,27,63,5,35,0.75,36
2016-12-21,良,55,86,24,65,4,38,0.80,28
2016-12-22,优,40,44,22,40,4,34,0.92,16
2016-12-23,优,43,36,25,45,5,17,0.83,74
2016-12-24,良,61,84,34,69,7,22,0.67,71
2016-12-25,良,59,138,32,66,4,41,0.76,23
2016-12-26,良,62,219,33,72,7,40,0.76,30
2016-12-27,优,28,11,13,29,4,24,0.77,22
2016-12-28,优,39,20,18,38,5,20,0.61,53
2016-12-29,良,51,52,32,50,5,22,0.55,70
2016-12-30,良,68,85,44,76,6,34,0.71,56
2016-12-31,良,68,60,44,81,6,44,0.76,34
2017-01-01,良,58,42,30,65,5,41,0.73,35
2017-01-02,良,64,54,36,76,6,42,0.79,38
2017-01-03,良,69,61,43,83,5,38,0.74,66
2017-01-04,良,74,73,50,86,5,49,0.74,50
2017-01-05,良,79,129,54,98,6,55,0.78,27
2017-01-06,良,82,199,57,100,5,52,0.99,12
2017-01-07,良,63,169,40,71,5,48,0.95,21
2017-01-08,良,52,97,31,57,5,30,0.93,51
2017-01-09,优,46,58,29,44,4,22,0.82,61
2017-01-10,良,75,190,54,78,5,28,0.92,69
2017-01-11,良,90,240,67,87,5,30,1.11,46
2017-01-12,良,54,122,36,47,4,39,1.00,16
2017-01-13,优,21,19,12,18,3,26,0.78,26
2017-01-14,良,62,156,44,58,9,20,0.66,86
2017-01-15,良,56,138,36,53,6,21,0.72,74
2017-01-16,优,42,46,23,41,5,24,0.57,52
2017-01-17,优,47,53,26,46,4,31,0.61,42
2017-01-18,优,43,41,29,38,4,40,0.71,14
2017-01-19,优,34,24,20,33,3,32,0.58,26
2017-01-20,优,33,21,21,31,3,20,0.66,43
2017-01-21,良,52,55,28,54,5,20,0.59,63
2017-01-22,良,55,81,35,56,5,23,0.68,62
2017-01-23,良,63,104,41,68,8,18,0.68,96
2017-01-24,优,44,30,19,36,6,16,0.50,79
2017-01-25,优,39,15,19,34,4,15,0.52,71
2017-01-26,优,45,22,23,38,4,10,0.55,87
2017-01-27,优,41,13,24,37,4,11,0.54,75
2017-01-28,良,71,58,50,65,9,11,0.65,78
2017-01-29,优,49,54,31,46,4,23,0.66,51
2017-01-30,良,53,144,36,50,3,16,0.88,36
2017-01-31,良,53,124,37,53,4,10,0.85,64
2017-02-01,优,35,21,22,31,5,12,0.67,53
2017-02-02,优,36,19,24,32,3,9,0.63,65
2017-02-03,优,40,38,23,37,4,21,0.61,57
2017-02-04,优,41,21,22,40,4,26,0.59,44
2017-02-05,优,43,43,28,41,4,26,0.57,35
2017-02-06,良,61,150,40,56,7,16,0.75,87
2017-02-07,良,59,161,35,53,4,17,0.56,92
2017-02-08,优,40,62,20,37,4,27,0.61,52
2017-02-09,优,31,7,17,24,4,13,0.67,63
2017-02-10,良,62,154,43,53,6,16,0.66,79
2017-02-11,良,71,154,47,61,9,17,0.67,106
2017-02-12,良,57,53,33,50,8,22,0.57,96
2017-02-13,优,47,17,25,40,6,26,0.58,86
2017-02-14,良,51,31,23,42,6,25,0.58,94
2017-02-15,良,53,29,26,51,6,31,0.61,82
2017-02-16,良,58,51,35,65,7,38,0.63,65
2017-02-17,良,82,201,58,98,6,47,0.82,68
2017-02-18,良,70,122,47,70,4,24,0.73,81
2017-02-19,良,62,70,37,71,4,31,0.74,75
2017-02-20,良,73,160,52,80,4,57,1.04,31
2017-02-21,优,48,81,17,48,3,21,0.62,65
2017-02-22,优,45,64,27,45,4,42,0.86,27
2017-02-23,优,19,5,8,17,3,28,0.75,25
2017-02-24,优,31,22,19,23,3,26,0.64,48
2017-02-25,优,23,10,15,20,3,29,0.71,38
2017-02-26,优,35,16,18,29,5,23,0.55,74
2017-02-27,良,87,217,61,79,9,32,0.73,116
2017-02-28,良,100,247,74,100,8,53,0.89,77
2017-03-01,良,81,207,56,93,8,49,0.87,70
2017-03-02,良,70,208,34,85,7,31,0.64,99
2017-03-03,良,61,54,32,66,6,27,0.64,98
2017-03-04,良,59,51,27,66,6,40,0.61,57
2017-03-05,良,69,167,42,87,7,55,0.73,35
2017-03-06,优,40,30,20,35,3,27,0.57,73
2017-03-07,良,60,177,35,61,4,30,0.62,77
2017-03-08,良,67,207,44,81,7,48,0.82,51
2017-03-09,良,71,173,42,80,7,38,0.76,84
2017-03-10,优,44,41,18,25,4,34,0.70,77
2017-03-11,优,40,27,15,28,4,37,0.73,62
2017-03-12,优,50,99,31,50,4,52,0.98,27
2017-03-13,优,47,132,25,44,4,37,0.71,42
2017-03-14,优,43,85,13,26,4,22,0.55,84
2017-03-15,良,56,118,23,47,6,18,0.52,104
2017-03-16,优,49,68,27,45,4,36,0.74,57
2017-03-17,优,43,40,25,40,4,33,0.68,47
2017-03-18,良,54,85,29,57,5,45,0.80,31
2017-03-19,优,38,33,22,37,4,41,0.65,30
2017-03-20,良,55,112,28,61,5,43,0.74,39
2017-03-21,优,45,60,24,49,4,32,0.82,50
2017-03-22,良,55,159,29,48,4,32,0.68,86
2017-03-23,优,36,18,15,24,4,29,0.72,65
2017-03-24,良,52,111,18,39,6,20,0.56,99
2017-03-25,优,29,16,14,25,4,35,0.61,44
2017-03-26,良,52,78,21,61,5,37,0.69,33
2017-03-27,良,71,165,36,90,6,34,0.71,69
2017-03-28,良,84,252,49,117,7,57,0.87,64
2017-03-29,良,73,147,52,82,5,46,0.89,57
2017-03-30,良,66,160,41,78,6,37,0.73,78
2017-03-31,良,51,105,29,49,4,38,0.71,51
2017-04-01,良,52,64,30,54,5,27,0.59,91
2017-04-02,良,68,118,42,78,6,38,0.66,82
2017-04-03,良,69,106,36,70,6,34,0.60,101
2017-04-04,良,69,121,35,70,6,27,0.68,112
2017-04-05,良,72,180,40,91,6,39,0.73,84
2017-04-06,良,82,208,46,112,6,55,0.85,41
2017-04-07,良,70,182,42,88,5,47,0.91,32
2017-04-08,良,60,162,36,67,5,33,0.79,49
2017-04-09,良,61,259,32,69,6,35,0.75,35
2017-04-10,优,48,146,24,49,4,24,0.67,42
2017-04-11,优,31,12,10,20,4,22,0.74,65
2017-04-12,优,50,97,20,38,5,23,0.78,96
2017-04-13,良,58,91,21,57,6,27,0.57,97
2017-04-14,良,55,44,16,58,6,30,0.51,82
2017-04-15,良,79,174,46,107,7,54,0.81,51
2017-04-16,轻度污染,103,298,73,151,7,69,1.20,34
2017-04-17,良,77,212,50,101,5,44,1.05,42
2017-04-18,优,45,40,24,48,4,31,0.82,53
2017-04-19,良,54,85,24,63,5,46,0.86,43
2017-04-20,优,36,15,17,33,4,30,0.77,57
2017-04-21,优,44,67,21,37,4,30,0.80,70
2017-04-22,良,59,127,20,60,4,20,0.61,91
2017-04-23,良,76,239,30,74,5,22,0.66,130
2017-04-23,良,76,239,30,74,5,22,0.66,130
2017-04-24,良,70,170,31,72,5,28,0.67,109
2017-04-25,良,60,175,34,68,4,47,0.79,45
2017-04-26,优,50,138,26,44,5,33,0.81,50
2017-04-27,优,50,113,13,25,5,18,0.54,93
2017-04-28,良,62,134,18,47,5,29,0.54,101
2017-04-29,良,70,115,23,63,7,37,0.55,104
2017-04-30,良,82,202,34,77,7,37,0.64,120
2017-05-01,良,77,198,41,82,7,35,0.72,105
2017-05-02,良,58,116,33,62,5,27,0.67,84
2017-05-03,优,39,25,18,36,4,21,0.61,61
2017-05-04,良,57,177,28,65,5,28,0.66,64
2017-05-05,良,55,90,32,62,4,34,0.78,43
2017-05-06,优,36,10,14,25,3,22,0.64,75
2017-05-07,优,46,51,18,47,4,21,0.54,73
2017-05-08,轻度污染,104,310,40,157,4,25,0.60,103
2017-05-09,良,62,179,29,69,4,25,0.67,72
2017-05-10,良,58,98,22,55,4,26,0.67,81
2017-05-11,良,57,100,26,59,4,22,0.62,89
2017-05-12,优,43,44,19,39,4,26,0.63,57
2017-05-13,优,37,11,15,31,4,22,0.61,71
2017-05-14,良,56,108,17,42,4,17,0.57,106
2017-05-15,良,51,116,19,47,4,25,0.67,85
2017-05-16,优,38,26,16,32,4,20,0.62,68
2017-05-17,优,49,35,19,42,4,22,0.63,78
2017-05-18,良,53,49,15,40,4,14,0.54,101
2017-05-19,优,47,50,16,43,4,13,0.55,88
2017-05-20,优,45,51,18,39,3,14,0.54,79
2017-05-20,优,45,51,18,39,3,14,0.54,79
2017-05-21,优,41,61,12,31,3,15,0.57,76
2017-05-22,优,47,144,16,47,6,23,0.62,68
2017-05-23,良,56,230,25,61,6,21,0.67,94
2017-05-24,优,48,123,25,45,5,25,0.80,55
2017-05-25,优,43,59,18,39,4,26,0.70,69
2017-05-26,良,65,155,23,56,6,33,0.66,103
2017-05-27,良,100,265,39,70,7,26,0.74,160
2017-05-28,良,70,88,23,44,5,16,0.59,119
2017-05-29,优,45,20,13,31,4,16,0.55,85
2017-05-30,优,38,19,14,33,4,17,0.57,67
2017-05-31,良,63,134,32,69,6,26,0.68,73
2017-06-01,良,64,181,41,74,5,30,0.70,63
2017-06-02,优,36,47,9,14,3,23,0.71,68
2017-06-03,优,29,11,7,16,3,27,0.85,52
2017-06-04,优,27,6,8,18,3,23,0.70,57
2017-06-05,优,39,55,16,35,3,23,0.74,68
2017-06-06,优,50,182,23,51,4,21,0.76,70
2017-06-07,优,39,44,18,37,4,22,0.66,57
2017-06-08,优,49,118,21,34,3,17,0.82,96
2017-06-09,良,64,219,36,72,4,22,0.84,92
2017-06-10,优,47,181,20,45,4,14,0.60,56
2017-06-11,优,50,179,16,47,5,18,0.57,64
2017-06-12,优,44,116,18,44,4,16,0.59,53
2017-06-13,优,26,26,10,24,4,15,0.62,33
2017-06-14,优,29,27,7,17,4,16,0.63,53
2017-06-15,优,35,54,7,16,4,21,0.76,65
2017-06-16,优,31,40,7,10,4,24,0.76,61
2017-06-17,优,35,52,6,11,4,20,0.70,70
2017-06-18,优,39,49,6,12,3,18,0.70,73
2017-06-19,优,32,31,17,27,4,35,0.83,37
2017-06-20,优,39,65,21,36,4,30,0.90,29
2017-06-21,优,32,50,15,30,4,25,0.78,33
2017-06-22,优,40,114,19,40,4,17,0.66,34
2017-06-23,良,52,182,26,51,4,20,0.59,60
2017-06-24,优,47,152,21,48,5,20,0.54,53
2017-06-25,优,48,158,21,50,5,19,0.55,56
2017-06-26,优,48,143,21,42,5,22,0.61,55
2017-06-27,优,48,116,17,34,4,22,0.75,87
2017-06-28,优,45,92,19,37,4,23,0.78,73
2017-06-29,优,47,124,18,37,4,22,0.70,68
2017-06-30,良,52,167,20,45,5,22,0.69,69
2017-07-01,优,32,90,12,29,5,19,0.58,43
2017-07-02,优,36,112,15,32,5,17,0.61,51
2017-07-03,优,45,154,16,44,6,21,0.57,54
2017-07-04,优,47,143,19,44,6,19,0.51,59
2017-07-05,优,43,129,16,42,5,23,0.50,40
2017-07-06,优,40,126,15,37,5,18,0.52,54
2017-07-07,优,39,134,14,36,6,17,0.58,43
2017-07-08,优,32,74,11,29,5,14,0.56,44
2017-07-09,优,36,104,11,34,5,15,0.54,47
2017-07-10,优,39,129,13,39,6,17,0.52,53
2017-07-11,良,62,196,25,59,7,25,0.60,79
2017-07-12,良,65,207,23,60,6,24,0.62,83
2017-07-13,良,64,207,25,60,5,25,0.65,81
2017-07-14,良,64,239,24,61,6,25,0.64,70
2017-07-15,良,55,226,19,52,6,22,0.57,70
2017-07-16,优,40,97,14,34,5,12,0.52,64
2017-07-17,优,40,90,15,39,6,14,0.56,60
2017-07-18,优,44,131,17,44,7,19,0.57,67
2017-07-19,良,53,195,24,53,7,22,0.57,73
2017-07-20,良,60,242,26,62,7,23,0.59,87
2017-07-21,良,84,345,35,73,7,24,0.69,114
2017-07-22,优,42,90,20,36,5,12,0.60,64
2017-07-23,优,31,32,9,27,5,11,0.62,51
2017-07-24,良,67,238,25,60,6,23,0.67,86
2017-07-25,良,89,306,35,73,6,27,0.75,111
2017-07-26,良,74,248,31,59,6,19,0.74,110
2017-07-27,良,64,218,29,60,6,18,0.68,89
2017-07-28,优,31,14,15,27,5,7,0.59,54
2017-07-29,优,26,6,9,22,4,6,0.54,39
2017-07-30,优,26,15,5,23,3,4,0.54,42
2017-07-31,优,31,34,6,20,4,7,0.65,63
2017-08-01,优,38,80,13,28,4,23,0.82,58
2017-08-02,优,43,167,21,40,4,20,0.79,64
2017-08-03,良,52,204,26,50,4,21,0.68,57
2017-08-04,良,61,216,29,61,4,23,0.67,75
2017-08-05,良,65,234,34,65,4,22,0.67,80
2017-08-06,良,59,205,29,55,4,22,0.67,72
2017-08-07,良,55,192,25,53,4,27,0.68,72
2017-08-08,良,62,272,32,65,5,24,0.65,70
2017-08-09,良,54,214,25,58,5,19,0.59,62
2017-08-10,优,48,155,22,43,7,18,0.55,63
2017-08-11,优,43,116,16,39,5,25,0.67,62
2017-08-12,良,63,268,33,65,5,25,0.72,74
2017-08-13,良,66,312,32,67,6,23,0.69,81
2017-08-14,良,64,281,32,65,6,22,0.64,84
2017-08-15,良,68,287,34,69,6,23,0.59,93
2017-08-16,良,67,273,29,54,6,26,0.58,83
2017-08-17,良,55,227,23,50,6,23,0.48,78
2017-08-18,良,75,326,37,72,6,27,0.51,90
2017-08-19,良,74,337,36,67,6,25,0.44,98
2017-08-20,良,75,328,33,73,6,26,0.44,90
2017-08-21,良,51,156,27,46,5,15,0.50,73
2017-08-22,优,26,16,8,24,4,7,0.40,39
2017-08-23,优,30,49,10,26,5,21,0.54,53
2017-08-24,优,43,161,16,39,5,22,0.55,51
2017-08-25,优,49,207,20,42,5,21,0.55,56
2017-08-26,优,19,3,6,16,5,9,0.40,29
2017-08-27,优,26,31,8,23,5,16,0.43,38
2017-08-28,良,53,259,20,47,6,22,0.53,66
2017-08-29,优,38,154,17,33,5,13,0.46,57
2017-08-30,优,26,40,8,22,5,11,0.38,46
2017-08-31,优,39,116,13,30,4,10,0.43,80
2017-09-01,良,56,216,14,35,4,10,0.51,106
2017-09-02,优,49,136,14,38,5,14,0.59,93
2017-09-03,优,34,53,13,26,4,15,0.60,63
2017-09-04,优,29,34,12,26,4,24,0.70,41
2017-09-05,优,43,138,19,38,4,23,0.68,62
2017-09-06,优,39,114,17,37,4,19,0.58,47
2017-09-07,良,54,207,20,47,6,24,0.58,64
2017-09-08,优,28,36,13,26,5,21,0.65,40
2017-09-09,良,51,157,16,38,5,21,0.53,67
2017-09-10,优,48,172,20,43,6,21,0.57,60
2017-09-11,良,61,253,28,60,6,26,0.63,81
2017-09-12,优,45,94,21,35,4,15,0.62,82
2017-09-13,良,53,125,16,35,5,14,0.72,104
2017-09-14,优,48,93,16,37,5,22,0.58,85
2017-09-15,良,51,117,16,39,5,20,0.56,92
2017-09-16,优,42,50,17,37,5,19,0.55,77
2017-09-17,良,68,209,29,55,5,18,0.64,116
2017-09-18,良,91,258,28,52,5,17,0.63,148
2017-09-19,良,81,231,30,60,5,21,0.63,125
2017-09-20,良,60,227,28,58,5,22,0.70,85
2017-09-21,良,67,239,35,66,5,22,0.70,90
2017-09-22,优,40,50,18,31,4,19,0.69,73
2017-09-23,优,40,53,15,34,4,17,0.61,65
2017-09-24,优,37,86,14,35,5,19,0.59,55
2017-09-25,优,45,161,17,46,6,24,0.62,50
2017-09-26,良,59,255,26,65,8,32,0.78,75
2017-09-27,良,58,272,30,65,8,31,0.66,69
2017-09-28,良,59,265,30,54,5,25,0.70,76
2017-09-29,优,40,82,12,29,4,17,0.59,76
2017-09-30,优,45,132,19,40,5,16,0.68,79
2017-10-01,优,44,128,20,43,5,18,0.70,62
2017-10-02,良,58,270,32,63,6,23,0.77,73
2017-10-03,优,47,256,24,43,4,20,0.71,63
2017-10-05,优,45,216,17,43,5,15,0.70,77
2017-10-06,优,47,163,22,46,6,18,0.74,78
2017-10-07,优,44,102,26,40,5,14,0.79,88
2017-10-08,优,42,96,16,30,5,12,0.72,80
2017-10-09,优,30,56,13,27,5,12,0.67,43
2017-10-10,优,22,28,8,21,4,10,0.53,34
2017-10-11,优,24,33,7,22,5,10,0.52,44
2017-10-12,优,33,119,9,24,5,12,0.64,70
2017-10-13,优,38,123,10,26,6,13,0.63,77
2017-10-14,优,33,68,8,18,5,14,0.60,64
2017-10-15,优,29,61,8,17,5,23,0.68,45
2017-10-16,优,32,106,12,31,6,26,0.71,29
2017-10-17,优,25,39,7,19,7,18,0.62,50
2017-10-18,优,35,90,11,27,6,15,0.60,74
2017-10-19,优,48,138,17,34,6,15,0.59,93
2017-10-20,优,36,52,14,24,6,15,0.60,68
2017-10-21,优,44,79,17,36,6,17,0.51,83
2017-10-22,良,54,114,24,54,7,26,0.60,93
2017-10-23,良,67,198,37,69,7,28,0.70,101
2017-10-24,良,69,180,35,67,8,25,0.70,112
2017-10-25,良,65,129,23,49,7,18,0.55,114
2017-10-26,良,53,55,19,46,7,22,0.54,94
2017-10-27,良,58,72,22,50,7,24,0.57,103
2017-10-28,良,69,118,39,77,8,35,0.74,106
2017-10-29,良,73,193,40,74,8,34,0.70,99
2017-10-30,良,75,252,44,74,7,21,0.78,105
2017-10-31,优,47,36,14,40,6,17,0.48,88
2017-11-01,优,46,35,17,45,7,26,0.53,69
2017-11-02,良,54,49,22,56,7,33,0.64,61
2017-11-03,良,68,120,36,66,8,28,0.72,106
2017-11-04,良,90,280,55,89,9,22,0.83,131
2017-11-05,优,44,32,15,41,7,17,0.50,82
2017-11-06,良,53,41,23,57,7,27,0.65,67
2017-11-07,优,50,34,29,53,6,44,0.87,35
2017-11-08,优,35,28,18,32,6,26,0.67,47
2017-11-09,良,64,130,30,61,7,17,0.61,106
2017-11-10,良,55,105,19,61,7,36,0.55,63
2017-11-11,良,68,240,46,69,7,26,0.69,71
2017-11-12,优,48,69,21,48,7,22,0.59,68
2017-11-13,优,50,95,26,52,7,36,0.69,45
2017-11-14,优,47,115,26,47,6,34,0.70,46
2017-11-15,优,43,83,24,42,5,30,0.68,54
2017-11-16,良,57,144,28,65,6,41,0.83,47
2017-11-17,良,63,189,35,74,8,39,0.81,65
2017-11-18,优,35,66,16,24,5,23,0.62,53
2017-11-19,优,30,40,15,28,5,23,0.53,42
2017-11-20,优,25,33,10,18,5,24,0.51,44
2017-11-21,优,28,28,9,21,5,28,0.62,36
2017-11-22,优,21,6,9,20,5,21,0.65,32
2017-11-23,良,53,140,34,57,8,22,0.69,81
2017-11-24,良,67,203,45,70,11,29,0.74,84
2017-11-25,优,40,41,27,36,6,34,0.72,44
2017-11-26,优,29,9,16,27,5,34,0.71,27
2017-11-27,优,46,52,21,49,7,32,0.79,63
2017-11-28,良,68,93,33,84,7,48,0.95,54
2017-11-29,良,54,99,26,63,6,42,1.01,32
2017-11-30,优,26,7,10,20,5,24,0.62,50
2017-12-01,优,33,30,11,22,5,15,0.51,64
2017-12-02,优,40,40,20,39,7,18,0.55,63
2017-12-03,优,39,28,19,37,7,23,0.60,57
2017-12-04,良,56,135,32,57,8,26,0.72,74
2017-12-05,良,85,240,62,85,10,24,0.79,105
2017-12-06,良,76,119,54,78,10,33,0.75,83
2017-12-07,良,71,121,50,75,8,38,0.80,71
2017-12-08,良,70,186,49,73,11,29,0.68,102
2017-12-09,良,80,170,58,84,12,46,0.85,67
2017-12-10,良,60,73,38,66,9,43,0.74,63
2017-12-11,良,64,116,42,76,12,40,0.78,70
2017-12-12,良,51,89,28,52,10,27,0.69,66
2017-12-13,优,33,9,16,29,6,21,0.56,59
2017-12-14,优,32,20,14,28,5,25,0.55,53
2017-12-15,优,23,14,12,20,6,34,0.63,27
2017-12-16,优,15,5,8,13,5,24,0.67,21
2017-12-17,优,49,80,33,45,8,16,0.74,66
2017-12-18,良,56,66,36,52,9,31,0.76,59
2017-12-19,优,46,39,25,45,9,23,0.59,73
2017-12-20,良,57,73,36,63,11,34,0.70,71
2017-12-21,良,56,45,35,58,10,35,0.72,72
2017-12-22,良,58,31,32,65,10,36,0.74,75
2017-12-23,良,65,43,34,79,8,46,0.86,49
2017-12-24,良,58,53,33,63,9,32,0.74,62
2017-12-25,良,81,161,54,89,13,25,0.84,88
2017-12-26,良,62,89,34,73,9,30,0.72,79
2017-12-27,良,56,55,28,60,8,23,0.63,85
2017-12-28,良,60,69,32,67,7,39,0.78,40
2017-12-29,优,46,27,29,47,7,28,0.69,40
2017-12-30,优,47,35,23,48,7,36,0.71,42
2017-12-31,良,64,74,44,64,7,32,0.88,50
2018-01-01,良,83,92,60,102,11,29,0.93,82
2018-01-02,良,68,123,38,81,8,36,0.89,54
2018-01-03,良,58,179,25,66,7,40,0.77,39
2018-01-04,优,32,87,12,27,5,28,0.73,40
2018-01-05,优,29,29,16,28,5,35,0.65,20
2018-01-06,优,20,8,11,17,5,30,0.71,25
2018-01-07,优,27,35,17,25,5,40,0.84,20
2018-01-08,优,22,18,14,13,5,31,0.95,15
2018-01-09,优,40,38,22,38,6,18,0.79,53
2018-01-10,优,39,51,19,35,6,23,0.55,64
2018-01-11,优,45,83,21,45,8,24,0.52,79
2018-01-12,良,51,73,29,51,9,24,0.69,80
2018-01-13,优,49,25,28,40,8,23,0.64,75
2018-01-14,优,41,15,15,40,7,37,0.61,45
2018-01-15,良,53,37,25,58,7,44,0.74,30
2018-01-16,良,57,44,30,64,9,45,0.81,41
2018-01-17,良,74,71,52,74,7,42,0.76,57
2018-01-18,良,86,115,62,88,8,41,0.87,73
2018-01-19,良,55,34,36,58,6,34,0.65,62
2018-01-20,良,58,69,39,60,5,34,0.78,53
2018-01-21,良,70,126,49,78,6,46,0.90,37
2018-01-22,良,51,75,28,47,6,35,0.95,63
2018-01-23,优,49,81,18,41,6,23,0.57,80
2018-01-24,优,46,75,27,40,5,23,0.65,67
2018-01-25,优,31,48,14,24,5,23,0.61,55
2018-01-26,优,30,24,8,13,4,15,0.41,61
2018-01-27,优,29,20,11,20,5,20,0.50,50
2018-01-28,优,23,18,12,21,4,31,0.57,25
2018-01-29,优,19,8,10,16,5,21,0.68,35
2018-01-30,良,60,92,42,48,7,22,0.96,63
2018-01-31,优,29,21,17,16,5,28,0.91,40
2018-02-01,优,35,9,18,30,6,16,0.70,72
2018-02-02,良,51,60,33,50,7,27,0.69,59
2018-02-03,良,64,193,46,57,8,25,0.75,69
2018-02-04,良,69,189,50,60,7,22,0.74,65
2018-02-05,良,55,80,37,49,8,25,0.70,71
2018-02-06,优,49,51,31,44,9,24,0.65,79
2018-02-07,良,51,35,30,51,9,28,0.64,76
2018-02-08,良,56,34,32,54,9,30,0.61,84
2018-02-09,良,66,57,44,76,10,39,0.68,72
2018-02-10,良,61,83,43,55,6,32,0.70,55
2018-02-11,良,76,156,41,70,5,21,0.71,75
2018-02-12,良,85,246,39,118,6,21,0.65,77
2018-02-13,良,74,172,33,97,6,22,0.57,81
2018-02-14,良,60,89,28,67,6,22,0.57,80
2018-02-15,良,67,136,46,73,7,27,0.74,65
2018-02-16,轻度污染,101,143,75,105,10,17,0.70,73
2018-02-17,优,45,38,30,41,4,12,0.64,67
2018-02-18,良,59,157,25,69,5,16,0.65,76
2018-02-19,良,66,216,42,76,6,21,0.79,71
2018-02-20,优,36,24,19,25,4,14,0.55,65
2018-02-21,优,36,40,12,19,4,13,0.56,76
2018-02-22,优,38,77,14,20,4,15,0.64,68
2018-02-23,优,34,47,18,29,4,14,0.59,66
2018-02-24,优,40,46,26,36,5,27,0.67,49
2018-02-25,优,35,23,22,22,4,28,0.74,35
2018-02-26,优,32,13,13,22,4,18,0.55,66
2018-02-27,优,46,57,26,49,5,22,0.66,58
2018-02-28,良,60,163,38,59,5,32,0.80,45
2018-03-01,优,44,37,22,36,5,24,0.76,63
2018-03-02,良,53,89,29,48,6,18,0.78,91
2018-03-03,良,91,247,67,94,8,27,0.94,85
2018-03-04,良,93,310,68,78,8,45,1.03,35
2018-03-05,优,50,196,30,47,5,27,0.86,39
2018-03-06,优,32,32,10,25,4,17,0.52,63
2018-03-07,优,42,110,16,33,5,24,0.58,62
2018-03-08,优,27,25,15,22,5,27,0.64,37
2018-03-09,良,52,91,30,49,5,17,0.58,88
2018-03-10,良,80,202,54,68,6,27,0.73,106
2018-03-11,良,54,40,27,49,6,33,0.60,73
2018-03-12,优,48,27,18,48,6,37,0.58,57
2018-03-13,良,52,45,24,55,7,41,0.67,57
2018-03-14,良,61,114,34,69,9,44,0.75,68
2018-03-15,良,64,167,46,65,7,59,0.91,28
2018-03-16,优,44,42,28,39,5,32,0.79,52
2018-03-17,优,45,47,21,44,5,23,0.66,72
2018-03-18,良,61,193,35,68,7,41,0.77,54
2018-03-19,良,80,255,58,80,7,50,1.06,49
2018-03-20,优,21,4,10,15,4,27,0.83,35
2018-03-21,优,43,42,9,22,4,16,0.61,88
2018-03-22,优,44,11,18,37,6,30,0.58,73
2018-03-23,良,54,29,26,57,6,35,0.58,77
2018-03-24,良,66,89,31,69,7,31,0.59,92
2018-03-25,良,63,88,31,63,6,23,0.66,101
2018-03-26,优,49,22,31,48,5,24,0.69,76
2018-03-27,优,49,20,23,37,5,21,0.66,87
2018-03-28,良,52,38,24,45,5,27,0.58,80
2018-03-29,优,45,26,18,43,6,24,0.51,62
2018-03-30,优,34,1,14,29,5,16,0.46,64
2018-03-31,优,47,32,21,47,6,25,0.47,67
2018-04-01,良,67,93,33,81,6,29,0.52,65
2018-04-02,良,76,130,34,101,7,27,0.58,78
2018-04-03,良,78,179,46,104,8,34,0.70,72
2018-04-04,良,76,234,53,93,9,33,0.83,65
2018-04-05,良,67,226,45,75,7,26,0.71,71
2018-04-05,良,67,226,45,75,7,26,0.71,71
2018-04-06,优,46,42,24,50,5,28,0.72,41
2018-04-07,良,88,293,31,125,6,17,0.58,89
2018-04-08,良,83,243,32,111,7,26,0.61,98
2018-04-09,良,78,154,34,97,8,37,0.73,98
2018-04-10,良,86,192,40,96,9,39,0.73,106
2018-04-11,良,84,210,44,97,9,38,0.73,99
2018-04-12,良,63,140,42,65,6,37,0.74,45
2018-04-13,优,50,126,34,51,5,30,0.72,59
2018-04-14,良,55,156,32,58,6,32,0.73,45
2018-04-15,优,45,57,12,47,4,17,0.66,72
2018-04-16,良,97,241,35,128,6,21,0.69,125
2018-04-17,良,75,123,40,78,6,25,0.84,122
2018-04-18,良,68,72,27,67,6,30,0.70,99
2018-04-19,良,55,29,22,58,6,24,0.67,85
2018-04-20,良,56,63,25,60,6,18,0.71,71
2018-04-21,良,55,113,28,58,6,23,0.80,58
2018-04-22,良,63,266,38,74,8,30,0.95,64
2018-04-23,优,49,142,23,52,7,22,0.81,54
2018-04-24,优,37,55,19,31,5,20,0.93,61
2018-04-25,良,51,90,21,37,5,17,0.85,101
2018-04-26,良,87,248,36,65,7,24,0.94,144
2018-04-27,良,84,226,59,78,7,39,1.04,87
2018-04-28,良,94,244,50,84,8,38,1.08,123
2018-04-29,良,88,207,63,103,7,50,1.14,97
2018-04-30,轻度污染,111,314,83,125,8,58,1.41,51
2018-05-01,良,82,262,54,82,6,35,1.09,59
2018-05-02,良,54,114,26,53,6,23,0.77,68
2018-05-03,良,60,134,9,21,5,18,0.72,104
2018-05-04,良,51,62,13,36,6,23,0.63,91
2018-05-05,良,61,183,20,53,8,24,0.64,105
2018-05-06,良,52,155,28,55,6,29,0.68,56
2018-05-07,优,32,22,18,29,5,19,0.58,36
2018-05-08,优,41,49,10,24,5,17,0.66,79
2018-05-09,良,80,251,15,40,5,13,0.57,138
2018-05-10,良,82,253,16,45,5,12,0.45,133
2018-05-11,良,60,146,18,44,6,22,0.60,100
2018-05-12,良,81,257,37,77,10,35,0.76,94
2018-05-13,良,76,195,46,74,8,27,0.77,88
2018-05-14,良,67,145,43,72,7,23,0.71,82
2018-05-15,良,68,199,28,62,8,25,0.61,91
2018-05-16,良,72,260,20,66,9,26,0.61,88
2018-05-17,良,65,244,24,60,8,22,0.59,90
2018-05-18,良,75,270,35,77,9,27,0.67,105
2018-05-19,良,65,254,43,76,6,25,0.73,63
2018-05-20,良,59,255,30,51,5,15,0.67,83
2018-05-21,优,38,57,14,31,5,14,0.64,71
2018-05-22,良,55,207,27,51,6,16,0.72,90
2018-05-23,优,44,47,11,27,5,17,0.76,84
2018-05-24,良,80,210,19,83,7,19,0.69,130
2018-05-25,良,80,238,35,83,9,21,0.69,109
2018-05-26,良,74,235,36,75,9,27,0.71,94
2018-05-27,良,68,170,41,64,7,24,0.72,88
2018-05-28,良,53,85,23,43,6,18,0.71,84
2018-05-29,优,49,80,20,38,6,19,0.66,81
2018-05-30,优,44,68,16,31,6,19,0.63,71
2018-05-31,优,47,77,18,38,6,23,0.70,66
2018-06-01,良,57,122,5,14,6,14,0.66,105
2018-06-02,良,69,165,22,41,8,15,0.60,127
2018-06-03,良,71,172,28,47,8,17,0.64,124
2018-06-04,良,60,140,28,50,7,19,0.63,103
2018-06-05,优,47,86,23,37,5,13,0.56,87
2018-06-06,优,39,45,22,29,5,28,0.76,56
2018-06-07,良,51,93,12,24,5,14,0.75,97
2018-06-08,优,40,84,15,32,6,15,0.67,67
2018-06-09,优,37,55,11,27,5,13,0.58,73
2018-06-10,优,39,43,16,37,6,30,0.63,45
2018-06-11,优,45,53,18,31,6,16,0.69,88
2018-06-12,良,72,207,27,56,8,25,0.76,109
2018-06-13,良,69,223,26,46,6,21,0.74,119
2018-06-14,优,47,95,12,23,5,14,0.66,91
2018-06-15,优,46,88,9,27,5,13,0.55,92
2018-06-16,良,53,124,19,40,5,14,0.52,97
2018-06-17,优,47,87,22,43,5,10,0.60,85
2018-06-18,优,26,6,11,17,4,17,0.76,46
2018-06-19,优,42,104,15,21,5,12,0.71,77
2018-06-20,优,43,122,20,34,5,20,0.70,56
2018-06-21,优,30,31,9,19,5,22,0.63,58
2018-06-22,优,37,76,9,21,5,17,0.55,69
2018-06-23,优,33,68,14,31,6,21,0.56,25
2018-06-24,优,39,113,13,36,6,21,0.48,52
2018-06-25,良,53,193,20,45,6,21,0.48,68
2018-06-26,良,58,259,21,50,7,20,0.53,75
2018-06-27,良,77,320,32,62,7,20,0.65,104
2018-06-28,良,71,303,28,62,7,24,0.65,95
2018-06-29,良,60,208,26,58,7,21,0.64,78
2018-06-30,良,58,206,26,54,6,16,0.59,77
2018-07-01,良,52,208,22,40,4,15,0.60,74
2018-07-02,优,43,139,14,30,5,14,0.62,75
2018-07-03,优,41,144,17,39,5,15,0.62,67
2018-07-04,良,54,220,23,51,6,16,0.60,73
2018-07-05,良,54,243,25,52,5,16,0.60,68
2018-07-06,优,44,190,19,41,4,20,0.61,45
2018-07-07,优,44,218,20,43,5,23,0.65,41
2018-07-08,优,46,230,18,42,5,17,0.60,56
2018-07-09,优,39,189,14,34,5,13,0.54,43
2018-07-10,优,27,48,8,25,5,10,0.55,44
2018-07-11,优,36,94,9,35,5,7,0.56,45
2018-07-12,优,32,82,15,28,4,9,0.52,45
2018-07-13,优,21,16,8,20,4,7,0.50,34
2018-07-14,优,18,7,5,17,4,5,0.48,24
2018-07-15,优,17,5,4,16,4,5,0.48,27
2018-07-16,优,18,7,5,17,4,6,0.53,25
2018-07-17,优,19,6,6,18,4,4,0.46,22
2018-07-18,优,17,1,5,16,4,5,0.43,22
2018-07-19,优,21,11,7,20,5,8,0.50,25
2018-07-20,优,26,17,8,23,5,11,0.51,37
2018-07-21,优,40,63,16,39,6,17,0.57,49
2018-07-22,良,51,149,24,49,5,18,0.63,73
2018-07-23,良,58,233,29,57,5,24,0.70,66
2018-07-24,良,57,223,26,60,5,23,0.66,57
2018-07-25,良,52,190,21,54,5,19,0.57,59
2018-07-26,良,66,272,28,69,6,21,0.62,75
2018-07-27,良,61,279,27,60,6,20,0.61,80
2018-07-28,良,70,289,30,66,9,22,0.69,86
2018-07-29,良,83,317,36,75,7,23,0.72,99
2018-07-30,良,68,261,26,58,7,20,0.66,100
2018-07-31,良,69,299,31,64,6,28,0.70,85
